From	To
1433B_HUMAN	YWHAB
1433E_HUMAN	YWHAE
1433F_HUMAN	YWHAH
1433G_HUMAN	YWHAG
1433S_HUMAN	SFN
1433T_HUMAN	YWHAQ
1433Z_HUMAN	YWHAZ
1A1L1_HUMAN	ACCS
2AAA_HUMAN	PPP2R1A
3BHS2_HUMAN	HSD3B2
3HIDH_HUMAN	HIBADH
A1AG1_HUMAN	ORM1
A1AG2_HUMAN	ORM2
A1AT_HUMAN	SERPINA1
A1BG_HUMAN	A1BG
A2MG_HUMAN	A2M
AACT_HUMAN	SERPINA3
AAKB2_HUMAN	PRKAB2
AARD_HUMAN	AARD
AATC_HUMAN	GOT1
AATC2_HUMAN	GOT1L1
AATF_HUMAN	AATF
AATM_HUMAN	GOT2
ABHEB_HUMAN	ABHD14B
ACADM_HUMAN	ACADM
ACADS_HUMAN	ACADS
ACADV_HUMAN	ACADVL
ACBG2_HUMAN	ACSBG2
ACBP_HUMAN	DBI
ACDSB_HUMAN	ACADSB
ACINU_HUMAN	ACIN1
ACL6B_HUMAN	ACTL6B
ACO13_HUMAN	ACOT13
ACON_HUMAN	ACO2
ACOT1_HUMAN	ACOT1
ACOT2_HUMAN	ACOT2
ACOT9_HUMAN	ACOT9
ACS2L_HUMAN	ACSS1
ACSL1_HUMAN	ACSL1
ACTA_HUMAN	ACTA2
ACTB_HUMAN	ACTB
ACTBL_HUMAN	ACTBL2
ACTBM_HUMAN	POTEKP
ACTC_HUMAN	ACTC1
ACTG_HUMAN	ACTG1
ACTH_HUMAN	ACTG2
ACTN1_HUMAN	ACTN1
ACTN2_HUMAN	ACTN2
ACTN3_HUMAN	ACTN3
ACTN4_HUMAN	ACTN4
ACTS_HUMAN	ACTA1
ACTT3_HUMAN	ACTRT3
ADH1B_HUMAN	ADH1B
ADHX_HUMAN	ADH5
ADIPO_HUMAN	ADIPOQ
ADT1_HUMAN	SLC25A4
ADT2_HUMAN	SLC25A5
ADT3_HUMAN	SLC25A6
ADT4_HUMAN	SLC25A31
AFG32_HUMAN	AFG3L2
AGO1_HUMAN	AGO1
AGO4_HUMAN	AGO4
AGR3_HUMAN	AGR3
AIF1L_HUMAN	AIF1L
AIFM1_HUMAN	AIFM1
AINX_HUMAN	INA
AIRE_HUMAN	AIRE
AK1BF_HUMAN	AKR1B15
AKA10_HUMAN	AKAP10
AKAP9_HUMAN	AKAP9
AKND1_HUMAN	AKNAD1
AKT3_HUMAN	AKT3
AL4A1_HUMAN	ALDH4A1
AL7A1_HUMAN	ALDH7A1
AL9A1_HUMAN	ALDH9A1
ALAT1_HUMAN	GPT
ALBU_HUMAN	ALB
ALDH2_HUMAN	ALDH2
ALDOA_HUMAN	ALDOA
ALDOC_HUMAN	ALDOC
ALDR_HUMAN	AKR1B1
AMPL_HUMAN	LAP3
AN32A_HUMAN	ANP32A
ANFB_HUMAN	NPPB
ANGT_HUMAN	AGT
ANKK1_HUMAN	ANKK1
ANKR2_HUMAN	ANKRD2
ANM5_HUMAN	PRMT5
ANR35_HUMAN	ANKRD35
ANR39_HUMAN	ANKRD39
ANS4B_HUMAN	ANKS4B
ANT3_HUMAN	SERPINC1
ANX11_HUMAN	ANXA11
ANXA1_HUMAN	ANXA1
ANXA2_HUMAN	ANXA2
ANXA3_HUMAN	ANXA3
ANXA5_HUMAN	ANXA5
ANXA6_HUMAN	ANXA6
ANXA7_HUMAN	ANXA7
AOFB_HUMAN	MAOB
AP1S1_HUMAN	AP1S1
AP3D1_HUMAN	AP3D1
APBB2_HUMAN	APBB2
APC13_HUMAN	ANAPC13
APMAP_HUMAN	APMAP
APOA1_HUMAN	APOA1
APOA2_HUMAN	APOA2
APOA4_HUMAN	APOA4
APOH_HUMAN	APOH
APOL3_HUMAN	APOL3
ARF1_HUMAN	ARF1
ARF3_HUMAN	ARF3
ARF4_HUMAN	ARF4
ARF5_HUMAN	ARF5
ARG33_HUMAN	ARHGEF33
ARHL1_HUMAN	ADPRHL1
ARI5B_HUMAN	ARID5B
ARK72_HUMAN	AKR7A2
ARL3_HUMAN	ARL3
ARL4D_HUMAN	ARL4D
ARLY_HUMAN	ASL
ARMC3_HUMAN	ARMC3
ARMS2_HUMAN	ARMS2
ARP10_HUMAN	ACTR10
ARP3_HUMAN	ACTR3
ARP6_HUMAN	ACTR6
ARRD1_HUMAN	ARRDC1
ARY1_HUMAN	NAT1
ASAH1_HUMAN	ASAH1
ASCL5_HUMAN	ASCL5
ASGR2_HUMAN	ASGR2
ASPC1_HUMAN	ASPSCR1
AT1A3_HUMAN	ATP1A3
AT1B1_HUMAN	ATP1B1
AT2A1_HUMAN	ATP2A1
AT2A2_HUMAN	ATP2A2
AT2A3_HUMAN	ATP2A3
AT2B1_HUMAN	ATP2B1
AT2B3_HUMAN	ATP2B3
AT5EL_HUMAN	ATP5F1EP2
AT5F1_HUMAN	ATP5PB
AT7L2_HUMAN	ATXN7L2
ATG10_HUMAN	ATG10
ATGA1_HUMAN	ATG101
ATIF1_HUMAN	ATP5IF1
ATP5H_HUMAN	ATP5PD
ATP5I_HUMAN	ATP5ME
ATP5J_HUMAN	ATP5PF
ATP5L_HUMAN	ATP5MG
ATP6_HUMAN	MT-ATP6
ATPA_HUMAN	ATP5F1A
ATPB_HUMAN	ATP5F1B
ATPD_HUMAN	ATP5F1D
ATPG_HUMAN	ATP5F1C
ATPK_HUMAN	ATP5MF
ATPO_HUMAN	ATP5PO
AURKB_HUMAN	AURKB
AVR2B_HUMAN	ACVR2B
AXA2L_HUMAN	ANXA2P2
AZI2_HUMAN	AZI2
B2L13_HUMAN	BCL2L13
B2L15_HUMAN	BCL2L15
B4GT4_HUMAN	B4GALT4
B9D1_HUMAN	B9D1
BAF_HUMAN	BANF1
BAG5_HUMAN	BAG5
BASI_HUMAN	BSG
BASP1_HUMAN	BASP1
BBS2_HUMAN	BBS2
BCAT2_HUMAN	BCAT2
BFSP2_HUMAN	BFSP2
BHE41_HUMAN	BHLHE41
BIG1_HUMAN	ARFGEF1
BLVRB_HUMAN	BLVRB
BRE1A_HUMAN	RNF20
BRSK2_HUMAN	BRSK2
BST2_HUMAN	BST2
C1QBP_HUMAN	C1QBP
CA109_HUMAN	C1orf109
CA185_HUMAN	C1orf185
CABL1_HUMAN	CABLES1
CABP5_HUMAN	CABP5
CAD13_HUMAN	CDH13
CADH2_HUMAN	CDH2
CAH1_HUMAN	CA1
CAH10_HUMAN	CA10
CAH2_HUMAN	CA2
CAH3_HUMAN	CA3
CALB2_HUMAN	CALB2
CALD1_HUMAN	CALD1
CALL3_HUMAN	CALML3
CALL4_HUMAN	CALML4
CALR_HUMAN	CALR
CALU_HUMAN	CALU
CALY_HUMAN	CALY
CAN1_HUMAN	CAPN1
CASP1_HUMAN	CASP1
CASP9_HUMAN	CASP9
CASQ2_HUMAN	CASQ2
CATD_HUMAN	CTSD
CATW_HUMAN	CTSW
CAV1_HUMAN	CAV1
CAYP1_HUMAN	CAPS
CB069_HUMAN	C2orf69
CBR1_HUMAN	CBR1
CBR3_HUMAN	CBR3
CBR4_HUMAN	CBR4
CBX3_HUMAN	CBX3
CBX7_HUMAN	CBX7
CBX8_HUMAN	CBX8
CBY1_HUMAN	CBY1
CC036_HUMAN	C3orf36
CC074_HUMAN	LINC00696
CC103_HUMAN	CCDC103
CC122_HUMAN	CCDC122
CC126_HUMAN	CCDC126
CC127_HUMAN	CCDC127
CC153_HUMAN	CCDC153
CC166_HUMAN	CCDC166
CC85B_HUMAN	CCDC85B
CCD15_HUMAN	CCDC15
CCD61_HUMAN	CCDC61
CCD81_HUMAN	CCDC81
CCDC8_HUMAN	CCDC8
CCHCR_HUMAN	CCHCR1
CCHL_HUMAN	HCCS
CCL19_HUMAN	CCL19
CCL27_HUMAN	CCL27
CCZ1B_HUMAN	CCZ1B
CD158_HUMAN	CCDC158
CD40L_HUMAN	CD40LG
CDC37_HUMAN	CDC37
CDK14_HUMAN	CDK14
CDK6_HUMAN	CDK6
CDK8_HUMAN	CDK8
CDRT1_HUMAN	FBXW10B
CE112_HUMAN	CEP112
CEAM1_HUMAN	CEACAM1
CEAM3_HUMAN	CEACAM3
CENPI_HUMAN	CENPI
CENPQ_HUMAN	CENPQ
CEP85_HUMAN	CEP85
CEP95_HUMAN	CEP95
CERKL_HUMAN	CERKL
CETN2_HUMAN	CETN2
CFAB_HUMAN	CFB
CG033_HUMAN	C7orf33
CGNL1_HUMAN	CGNL1
CH071_HUMAN	LINC00588
CH10_HUMAN	HSPE1
CH60_HUMAN	HSPD1
CHCH1_HUMAN	CHCHD1
CHCH2_HUMAN	CHCHD2
CHD1_HUMAN	CHD1
CHMP3_HUMAN	CHMP3
CHSTD_HUMAN	CHST13
CING_HUMAN	CGN
CISY_HUMAN	CS
CK024_HUMAN	C11orf24
CK054_HUMAN	C11orf54
CL050_HUMAN	C12orf50
CL060_HUMAN	C12orf60
CL061_HUMAN	LINC01465
CLAT_HUMAN	CHAT
CLC14_HUMAN	CLEC14A
CLC3A_HUMAN	CLEC3A
CLCF1_HUMAN	CLCF1
CLD15_HUMAN	CLDN15
CLIC1_HUMAN	CLIC1
CLIC3_HUMAN	CLIC3
CLIC4_HUMAN	CLIC4
CLN6_HUMAN	CLN6
CLPB_HUMAN	CLPB
CLUS_HUMAN	CLU
CLVS1_HUMAN	CLVS1
CMBL_HUMAN	CMBL
CN093_HUMAN	C14orf93
CNKR2_HUMAN	CNKSR2
CNKR3_HUMAN	CNKSR3
CNTD1_HUMAN	CNTD1
CNTN6_HUMAN	CNTN6
CO053_HUMAN	LINC02694
CO3_HUMAN	C3
COE4_HUMAN	EBF4
COF1_HUMAN	CFL1
COF2_HUMAN	CFL2
COG1_HUMAN	COG1
COG6_HUMAN	COG6
COPE_HUMAN	COPE
COQ3_HUMAN	COQ3
COQ9_HUMAN	COQ9
COX17_HUMAN	COX17
COX2_HUMAN	MT-CO2
COX41_HUMAN	COX4I1
COX5A_HUMAN	COX5A
COX5B_HUMAN	COX5B
COX6C_HUMAN	COX6C
COX7C_HUMAN	COX7C
COXM1_HUMAN	CMC1
CP046_HUMAN	C16orf46
CP081_HUMAN	LINC00304
CP135_HUMAN	CEP135
CPEB2_HUMAN	CPEB2
CPT1B_HUMAN	CPT1B
CQ058_HUMAN	C17orf58
CQ064_HUMAN	C17orf64
CR063_HUMAN	C18orf63
CRBB3_HUMAN	CRYBB3
CRIP2_HUMAN	CRIP2
CROCC_HUMAN	CROCC
CROL1_HUMAN	CROCCP2
CRYAB_HUMAN	CRYAB
CRYM_HUMAN	CRYM
CSHL_HUMAN	CSHL1
CSN8_HUMAN	COPS8
CSRP3_HUMAN	CSRP3
CTNA1_HUMAN	CTNNA1
CTNA3_HUMAN	CTNNA3
CTNB1_HUMAN	CTNNB1
CTNL1_HUMAN	CTNNAL1
CTRC_HUMAN	CTRC
CTXN1_HUMAN	CTXN1
CUL1_HUMAN	CUL1
CUTA_HUMAN	CUTA
CV031_HUMAN	C22orf31
CX6B1_HUMAN	COX6B1
CX7A1_HUMAN	COX7A1
CX7A2_HUMAN	COX7A2
CXCL5_HUMAN	CXCL5
CY1_HUMAN	CYC1
CYC_HUMAN	CYCS
CYS1_HUMAN	CYS1
CYTA_HUMAN	CSTA
CYTB_HUMAN	CSTB
CYTL1_HUMAN	CYTL1
CYTSB_HUMAN	SPECC1
DAZ1_HUMAN	DAZ1
DBNL_HUMAN	DBNL
DC122_HUMAN	DCAF12L2
DC1L1_HUMAN	DYNC1LI1
DCK_HUMAN	DCK
DCMC_HUMAN	MLYCD
DCNL5_HUMAN	DCUN1D5
DCTN2_HUMAN	DCTN2
DCXR_HUMAN	DCXR
DDAH2_HUMAN	DDAH2
DDIT3_HUMAN	DDIT3
DDX43_HUMAN	DDX43
DDX5_HUMAN	DDX5
DECR_HUMAN	DECR1
DECR2_HUMAN	DECR2
DESM_HUMAN	DES
DGUOK_HUMAN	DGUOK
DHB11_HUMAN	HSD17B11
DHB14_HUMAN	HSD17B14
DHE3_HUMAN	GLUD1
DHE4_HUMAN	GLUD2
DHPR_HUMAN	QDPR
DHRSX_HUMAN	DHRSX
DIRA2_HUMAN	DIRAS2
DJC25_HUMAN	DNAJC25
DLDH_HUMAN	DLD
DLL3_HUMAN	DLL3
DLRB1_HUMAN	DYNLRB1
DMAP1_HUMAN	DMAP1
DMRTB_HUMAN	DMRTB1
DMWD_HUMAN	DMWD
DNJB7_HUMAN	DNAJB7
DNJB8_HUMAN	DNAJB8
DNJC8_HUMAN	DNAJC8
DNM1L_HUMAN	DNM1L
DOC2A_HUMAN	DOC2A
DOK3_HUMAN	DOK3
DOPD_HUMAN	DDT
DPB1_HUMAN	HLA-DPB1
DPEP2_HUMAN	DPEP2
DPYL2_HUMAN	DPYSL2
DPYL3_HUMAN	DPYSL3
DTHD1_HUMAN	DTHD1
DUS16_HUMAN	DUSP16
DUS23_HUMAN	DUSP23
DUS3_HUMAN	DUSP3
DUS4_HUMAN	DUSP4
DX39B_HUMAN	DDX39B
DYN3_HUMAN	DNM3
DYR_HUMAN	DHFR
DZI1L_HUMAN	DZIP1L
E41LB_HUMAN	EPB41L4B
EAF2_HUMAN	EAF2
ECH1_HUMAN	ECH1
ECHA_HUMAN	HADHA
ECHB_HUMAN	HADHB
ECHD3_HUMAN	ECHDC3
ECHM_HUMAN	ECHS1
ECI1_HUMAN	ECI1
ECI2_HUMAN	ECI2
ECSIT_HUMAN	ECSIT
EDRF1_HUMAN	EDRF1
EF1A1_HUMAN	EEF1A1
EF1A2_HUMAN	EEF1A2
EF1A3_HUMAN	EEF1A1P5
EF1G_HUMAN	EEF1G
EF2_HUMAN	EEF2
EFC2_HUMAN	ERVFC1-1
EFNB2_HUMAN	EFNB2
EFTU_HUMAN	TUFM
EHD1_HUMAN	EHD1
EID2_HUMAN	EID2
EIF3A_HUMAN	EIF3A
EIF3K_HUMAN	EIF3K
ELOC_HUMAN	ELOC
ELOV1_HUMAN	ELOVL1
ENOA_HUMAN	ENO1
ENOB_HUMAN	ENO3
ENOG_HUMAN	ENO2
ENPL_HUMAN	HSP90B1
EPCAM_HUMAN	EPCAM
EPM2A_HUMAN	EPM2A
ERC6L_HUMAN	ERCC6L
ERF1_HUMAN	ETF1
ERP29_HUMAN	ERP29
ESTD_HUMAN	ESD
ETFA_HUMAN	ETFA
ETFB_HUMAN	ETFB
ETFD_HUMAN	ETFDH
EVPLL_HUMAN	EVPLL
EXD1_HUMAN	EXD1
EXOS3_HUMAN	EXOSC3
EZRI_HUMAN	EZR
F102B_HUMAN	FAM102B
F10A1_HUMAN	ST13
F136A_HUMAN	FAM136A
F157B_HUMAN	FAM157B
F16P2_HUMAN	FBP2
F174B_HUMAN	FAM174B
F184A_HUMAN	FAM184A
F185A_HUMAN	FAM185A
F204A_HUMAN	FAM204A
F217A_HUMAN	FAM217A
F90A1_HUMAN	FAM90A1
F90A2_HUMAN	FAM90A2P
F90A9_HUMAN	FAM90A9
FA9_HUMAN	F9
FAAA_HUMAN	FAH
FABP4_HUMAN	FABP4
FABP5_HUMAN	FABP5
FABPH_HUMAN	FABP3
FAHD1_HUMAN	FAHD1
FAIM1_HUMAN	FAIM
FAM9C_HUMAN	FAM9C
FANCJ_HUMAN	BRIP1
FARP2_HUMAN	FARP2
FB5L3_HUMAN	FABP5P3
FBP12_HUMAN	FABP12
FBRS_HUMAN	FBRS
FBX3_HUMAN	FBXO3
FBX40_HUMAN	FBXO40
FBX44_HUMAN	FBXO44
FBX8_HUMAN	FBXO8
FBXL3_HUMAN	FBXL3
FCAMR_HUMAN	FCAMR
FDFT_HUMAN	FDFT1
FEM1B_HUMAN	FEM1B
FETUA_HUMAN	AHSG
FHL1_HUMAN	FHL1
FHL2_HUMAN	FHL2
FHL3_HUMAN	FHL3
FIBB_HUMAN	FGB
FIBG_HUMAN	FGG
FIP1_HUMAN	FIP1L1
FKB1A_HUMAN	FKBP1A
FLNC_HUMAN	FLNC
FMO5_HUMAN	FMO5
FMOD_HUMAN	FMOD
FNBP1_HUMAN	FNBP1
FOXC1_HUMAN	FOXC1
FOXE1_HUMAN	FOXE1
FOXK2_HUMAN	FOXK2
FRDA_HUMAN	FXN
FSIP1_HUMAN	FSIP1
FUBP3_HUMAN	FUBP3
FUMH_HUMAN	FH
FUT4_HUMAN	FUT4
FXYD5_HUMAN	FXYD5
G3P_HUMAN	GAPDH
G6PD_HUMAN	G6PD
G6PI_HUMAN	GPI
GAK5_HUMAN	ERVK-5
GALT8_HUMAN	GALNT8
GATM_HUMAN	GATM
GBP6_HUMAN	GBP6
GCC1_HUMAN	GCC1
GCSH_HUMAN	GCSH
GDAP1_HUMAN	GDAP1
GDE_HUMAN	AGL
GDF1_HUMAN	GDF1
GDIA_HUMAN	GDI1
GDIB_HUMAN	GDI2
GDIR1_HUMAN	ARHGDIA
GDPP1_HUMAN	GDPGP1
GDS1_HUMAN	RAP1GDS1
GELS_HUMAN	GSN
GFAP_HUMAN	GFAP
GG6L2_HUMAN	GOLGA6L2
GGCT_HUMAN	GGCT
GGTL1_HUMAN	GGTLC1
GIPC2_HUMAN	GIPC2
GIPC3_HUMAN	GIPC3
GL6D1_HUMAN	GLT6D1
GLE1_HUMAN	GLE1
GLGB_HUMAN	GBE1
GLMN_HUMAN	GLMN
GLRX1_HUMAN	GLRX
GLRX5_HUMAN	GLRX5
GLU2B_HUMAN	PRKCSH
GLYG_HUMAN	GYG1
GMPPB_HUMAN	GMPPB
GNA12_HUMAN	GNA12
GNA13_HUMAN	GNA13
GNAT1_HUMAN	GNAT1
GNAT2_HUMAN	GNAT2
GNAT3_HUMAN	GNAT3
GOLI_HUMAN	RNF130
GON1_HUMAN	GNRH1
GOPC_HUMAN	GOPC
GP158_HUMAN	GPR158
GPD1L_HUMAN	GPD1L
GPX3_HUMAN	GPX3
GRAM_HUMAN	GZMM
GRCR1_HUMAN	GRXCR1
GRDN_HUMAN	CCDC88A
GRHPR_HUMAN	GRHPR
GRIN2_HUMAN	GPRIN2
GRP75_HUMAN	HSPA9
GRPE1_HUMAN	GRPEL1
GRPR_HUMAN	GRPR
GSDMB_HUMAN	GSDMB
GSE1_HUMAN	GSE1
GSHR_HUMAN	GSR
GSTK1_HUMAN	GSTK1
GSTM2_HUMAN	GSTM2
GSTM3_HUMAN	GSTM3
GSTM5_HUMAN	GSTM5
GSTO1_HUMAN	GSTO1
GSTP1_HUMAN	GSTP1
GSTT4_HUMAN	GSTT4
GSX1_HUMAN	GSX1
GYS1_HUMAN	GYS1
H1T_HUMAN	H1-6
H2A1A_HUMAN	H2AC1
H2A1H_HUMAN	H2AC12
H2A1J_HUMAN	H2AC14
H2A2B_HUMAN	H2AC21
H2A2C_HUMAN	H2AC20
H2AV_HUMAN	H2AZ2
H2B1A_HUMAN	H2BC1
H2B1B_HUMAN	H2BC3
H2B1C_HUMAN	H2BC10
H2B1C_HUMAN	H2BC4
H2B1C_HUMAN	H2BC6
H2B1C_HUMAN	H2BC7
H2B1C_HUMAN	H2BC8
H2B1D_HUMAN	H2BC5
H2B2D_HUMAN	H2BC19P
H31T_HUMAN	H3-4
H33_HUMAN	H3-3A
H33_HUMAN	H3-3B
H3C_HUMAN	H3-5
H4_HUMAN	H4C1
H4_HUMAN	H4C11
H4_HUMAN	H4C12
H4_HUMAN	H4C13
H4_HUMAN	H4C14
H4_HUMAN	H4C15
H4_HUMAN	H4C16
H4_HUMAN	H4C2
H4_HUMAN	H4C3
H4_HUMAN	H4C4
H4_HUMAN	H4C5
H4_HUMAN	H4C6
H4_HUMAN	H4C8
H4_HUMAN	H4C9
H90B2_HUMAN	HSP90AB2P
H90B3_HUMAN	HSP90AB3P
H90B4_HUMAN	HSP90AB4P
HBA_HUMAN	HBA1
HBA_HUMAN	HBA2
HBAP1_HUMAN	HSPBAP1
HBAT_HUMAN	HBQ1
HBAZ_HUMAN	HBZ
HBB_HUMAN	HBB
HBD_HUMAN	HBD
HBE_HUMAN	HBE1
HBG1_HUMAN	HBG1
HBG2_HUMAN	HBG2
HCD2_HUMAN	HSD17B10
HCDH_HUMAN	HADH
HDGF_HUMAN	HDGF
HEBP2_HUMAN	HEBP2
HEMO_HUMAN	HPX
HGS_HUMAN	HGS
HIBCH_HUMAN	HIBCH
HINT2_HUMAN	HINT2
HMOX1_HUMAN	HMOX1
HMX3_HUMAN	HMX3
HNRPD_HUMAN	HNRNPD
HNRPK_HUMAN	HNRNPK
HOME1_HUMAN	HOMER1
HPSE2_HUMAN	HPSE2
HPT_HUMAN	HP
HPTR_HUMAN	HPR
HRG_HUMAN	HRG
HS71L_HUMAN	HSPA1L
HS74L_HUMAN	HSPA4L
HS902_HUMAN	HSP90AA2P
HS904_HUMAN	HSP90AA4P
HS905_HUMAN	HSP90AA5P
HS90A_HUMAN	HSP90AA1
HS90B_HUMAN	HSP90AB1
HSDL2_HUMAN	HSDL2
HSF4_HUMAN	HSF4
HSFY1_HUMAN	HSFY1
HSFY1_HUMAN	HSFY2
HSP72_HUMAN	HSPA2
HSP74_HUMAN	HSPA4
HSP76_HUMAN	HSPA6
HSP77_HUMAN	HSPA7
HSP7C_HUMAN	HSPA8
HSPB1_HUMAN	HSPB1
HSPB2_HUMAN	HSPB2
HSPB3_HUMAN	HSPB3
HSPB6_HUMAN	HSPB6
HSPB7_HUMAN	HSPB7
HV313_HUMAN	IGHV3-13
HV315_HUMAN	IGHV3-15
HV316_HUMAN	IGHV3-16
HXA10_HUMAN	HOXA10
HXB13_HUMAN	HOXB13
HXB4_HUMAN	HOXB4
HXC10_HUMAN	HOXC10
HXC11_HUMAN	HOXC11
HXC6_HUMAN	HOXC6
HXK1_HUMAN	HK1
IC1_HUMAN	SERPING1
ICAL_HUMAN	CAST
IDH3A_HUMAN	IDH3A
IDH3B_HUMAN	IDH3B
IDH3G_HUMAN	IDH3G
IDHC_HUMAN	IDH1
IDHP_HUMAN	IDH2
IF4A1_HUMAN	EIF4A1
IF4A2_HUMAN	EIF4A2
IF5A1_HUMAN	EIF5A
IF5AL_HUMAN	EIF5AL1
IFFO2_HUMAN	IFFO2
IGHA1_HUMAN	IGHA1
IGHA2_HUMAN	IGHA2
IGHG1_HUMAN	IGHG1
IGHG2_HUMAN	IGHG2
IGHG3_HUMAN	IGHG3
IGHG4_HUMAN	IGHG4
IGKC_HUMAN	IGKC
IGLL5_HUMAN	IGLL5
IGS21_HUMAN	IGSF21
IL17B_HUMAN	IL17B
IL17C_HUMAN	IL17C
IL17F_HUMAN	IL17F
IL1A_HUMAN	IL1A
IL27B_HUMAN	EBI3
IL5_HUMAN	IL5
ILF3_HUMAN	ILF3
IMA1_HUMAN	KPNA2
IMDH1_HUMAN	IMPDH1
IMPA1_HUMAN	IMPA1
IPSP_HUMAN	SERPINA5
IQCC_HUMAN	IQCC
IR3IP_HUMAN	IER3IP1
IRPL1_HUMAN	IL1RAPL1
IRS2_HUMAN	IRS2
IRX3_HUMAN	IRX3
ISCA2_HUMAN	ISCA2
ISK5_HUMAN	SPINK5
ISOC1_HUMAN	ISOC1
ISOC2_HUMAN	ISOC2
IST1_HUMAN	IST1
ITCH_HUMAN	ITCH
ITIH5_HUMAN	ITIH5
ITM2B_HUMAN	ITM2B
IYD1_HUMAN	IYD
JKIP2_HUMAN	JAKMIP2
JKIP3_HUMAN	JAKMIP3
K0408_HUMAN	KIAA0408
K1522_HUMAN	KIAA1522
K1C10_HUMAN	KRT10
K1C13_HUMAN	KRT13
K1C16_HUMAN	KRT16
K1C19_HUMAN	KRT19
K1C20_HUMAN	KRT20
K1C25_HUMAN	KRT25
K1C9_HUMAN	KRT9
K22E_HUMAN	KRT2
K2C1_HUMAN	KRT1
K2C1B_HUMAN	KRT77
K2C75_HUMAN	KRT75
K2C8_HUMAN	KRT8
KAD1_HUMAN	AK1
KAD2_HUMAN	AK2
KAD3_HUMAN	AK3
KAD4_HUMAN	AK4
KAD5_HUMAN	AK5
KAIN_HUMAN	SERPINA4
KAP0_HUMAN	PRKAR1A
KAP2_HUMAN	PRKAR2A
KAPCA_HUMAN	PRKACA
KAPCB_HUMAN	PRKACB
KATL1_HUMAN	KATNAL1
KBTBD_HUMAN	KBTBD13
KCAB1_HUMAN	KCNAB1
KCC2B_HUMAN	CAMK2B
KCC2D_HUMAN	CAMK2D
KCC2G_HUMAN	CAMK2G
KCD15_HUMAN	KCTD15
KCNE1_HUMAN	KCNE1
KCRB_HUMAN	CKB
KCRM_HUMAN	CKM
KCRS_HUMAN	CKMT2
KCRU_HUMAN	CKMT1A
KCRU_HUMAN	CKMT1B
KCTD2_HUMAN	KCTD2
KI16B_HUMAN	KIF16B
KI3S1_HUMAN	KIR3DS1
KINH_HUMAN	KIF5B
KLC3_HUMAN	KLC3
KLD8B_HUMAN	KLHDC8B
KLH18_HUMAN	KLHL18
KLH33_HUMAN	KLHL33
KLHL5_HUMAN	KLHL5
KLK14_HUMAN	KLK14
KNG1_HUMAN	KNG1
KPYM_HUMAN	PKM
KPYR_HUMAN	PKLR
KRT35_HUMAN	KRT35
KRT84_HUMAN	KRT84
KRT85_HUMAN	KRT85
KRT86_HUMAN	KRT86
KS6B2_HUMAN	RPS6KB2
KT33B_HUMAN	KRT33B
LANC1_HUMAN	LANCL1
LATH_HUMAN	BPIFA4P
LC7L2_HUMAN	LUC7L2
LCOR_HUMAN	LCOR
LDB3_HUMAN	LDB3
LDH6A_HUMAN	LDHAL6A
LDH6B_HUMAN	LDHAL6B
LDHA_HUMAN	LDHA
LDHB_HUMAN	LDHB
LDHC_HUMAN	LDHC
LEG1_HUMAN	LGALS1
LEG9_HUMAN	LGALS9
LEO1_HUMAN	LEO1
LEP_HUMAN	LEP
LG3BP_HUMAN	LGALS3BP
LGUL_HUMAN	GLO1
LHX3_HUMAN	LHX3
LHX4_HUMAN	LHX4
LIPB1_HUMAN	PPFIBP1
LIPH_HUMAN	LIPH
LIS1_HUMAN	PAFAH1B1
LKHA4_HUMAN	LTA4H
LMCD1_HUMAN	LMCD1
LMNA_HUMAN	LMNA
LMNB2_HUMAN	LMNB2
LRC14_HUMAN	LRRC14
LRC20_HUMAN	LRRC20
LRC29_HUMAN	LRRC29
LRC39_HUMAN	LRRC39
LRC42_HUMAN	LRRC42
LRC47_HUMAN	LRRC47
LRC61_HUMAN	LRRC61
LRRF1_HUMAN	LRRFIP1
LRRF2_HUMAN	LRRFIP2
LRRN1_HUMAN	LRRN1
LUM_HUMAN	LUM
LYPA1_HUMAN	LYPLA1
LYZL4_HUMAN	LYZL4
M2OM_HUMAN	SLC25A11
M4A6A_HUMAN	MS4A6A
MA7D3_HUMAN	MAP7D3
MACOI_HUMAN	MACO1
MAGBH_HUMAN	MAGEB17
MALD3_HUMAN	MARVELD3
MAOM_HUMAN	ME2
MAP4_HUMAN	MAP4
MAP9_HUMAN	MAP9
MARCS_HUMAN	MARCKS
MBD6_HUMAN	MBD6
MCCA_HUMAN	MCCC1
MCCB_HUMAN	MCCC2
MCMBP_HUMAN	MCMBP
MDHC_HUMAN	MDH1
MDHM_HUMAN	MDH2
MDM2_HUMAN	MDM2
MED30_HUMAN	MED30
MET2A_HUMAN	METTL2A
METL9_HUMAN	METTL9
MFTC_HUMAN	SLC25A32
MGST3_HUMAN	MGST3
MGT4A_HUMAN	MGAT4A
MIF_HUMAN	MIF
MIME_HUMAN	OGN
MIPO1_HUMAN	MIPOL1
MK67I_HUMAN	NIFK
ML12A_HUMAN	MYL12A
ML12B_HUMAN	MYL12B
MLRV_HUMAN	MYL2
MMAD_HUMAN	MMADHC
MOES_HUMAN	MSN
MORN3_HUMAN	MORN3
MP2K5_HUMAN	MAP2K5
MPC1_HUMAN	MPC1
MPCP_HUMAN	SLC25A3
MPI_HUMAN	MPI
MPP7_HUMAN	MPP7
MPRIP_HUMAN	MPRIP
MPZL1_HUMAN	MPZL1
MRP1_HUMAN	ABCC1
MS3L1_HUMAN	MSL3
MSH5_HUMAN	MSH5
MSTRO_HUMAN	MRO
MT1E_HUMAN	MT1E
MTCH2_HUMAN	MTCH2
MTMR1_HUMAN	MTMR1
MTU1_HUMAN	TRMU
MXRA7_HUMAN	MXRA7
MYG_HUMAN	MB
MYH1_HUMAN	MYH1
MYH11_HUMAN	MYH11
MYH13_HUMAN	MYH13
MYH2_HUMAN	MYH2
MYH3_HUMAN	MYH3
MYH4_HUMAN	MYH4
MYH6_HUMAN	MYH6
MYH7_HUMAN	MYH7
MYH7B_HUMAN	MYH7B
MYH8_HUMAN	MYH8
MYH9_HUMAN	MYH9
MYL1_HUMAN	MYL1
MYL10_HUMAN	MYL10
MYL3_HUMAN	MYL3
MYL4_HUMAN	MYL4
MYL6_HUMAN	MYL6
MYNN_HUMAN	MYNN
MYO1D_HUMAN	MYO1D
MYOM1_HUMAN	MYOM1
MYOM2_HUMAN	MYOM2
MYOM3_HUMAN	MYOM3
MYOZ2_HUMAN	MYOZ2
MYP2_HUMAN	PMP2
MYPC3_HUMAN	MYBPC3
NANGN_HUMAN	NANOGNB
NANO3_HUMAN	NANOS3
NAR4_HUMAN	ART4
NAR5_HUMAN	ART5
NB5R1_HUMAN	CYB5R1
NB5R3_HUMAN	CYB5R3
NBPF1_HUMAN	NBPF1
NC2B_HUMAN	DR1
NCALD_HUMAN	NCALD
NCOA5_HUMAN	NCOA5
NCOR2_HUMAN	NCOR2
NCPR_HUMAN	POR
NCS1_HUMAN	NCS1
NDE1_HUMAN	NDE1
NDKA_HUMAN	NME1
NDKB_HUMAN	NME2
NDUA2_HUMAN	NDUFA2
NDUA3_HUMAN	NDUFA3
NDUA4_HUMAN	NDUFA4
NDUA5_HUMAN	NDUFA5
NDUA6_HUMAN	NDUFA6
NDUA8_HUMAN	NDUFA8
NDUA9_HUMAN	NDUFA9
NDUAA_HUMAN	NDUFA10
NDUAB_HUMAN	NDUFA11
NDUAC_HUMAN	NDUFA12
NDUAD_HUMAN	NDUFA13
NDUB4_HUMAN	NDUFB4
NDUB9_HUMAN	NDUFB9
NDUBA_HUMAN	NDUFB10
NDUBB_HUMAN	NDUFB11
NDUF6_HUMAN	NDUFAF6
NDUS1_HUMAN	NDUFS1
NDUS2_HUMAN	NDUFS2
NDUS3_HUMAN	NDUFS3
NDUS4_HUMAN	NDUFS4
NDUS5_HUMAN	NDUFS5
NDUS6_HUMAN	NDUFS6
NDUS7_HUMAN	NDUFS7
NDUS8_HUMAN	NDUFS8
NDUV1_HUMAN	NDUFV1
NDUV2_HUMAN	NDUFV2
NDUV3_HUMAN	NDUFV3
NEDD8_HUMAN	NEDD8
NELFE_HUMAN	NELFE
NEST_HUMAN	NES
NEUS_HUMAN	SERPINI1
NEUT_HUMAN	NTS
NFH_HUMAN	NEFH
NFL_HUMAN	NEFL
NFM_HUMAN	NEFM
NHP2_HUMAN	NHP2
NHRF1_HUMAN	SLC9A3R1
NHRF3_HUMAN	PDZK1
NIM1_HUMAN	NIM1K
NIPS2_HUMAN	NIPSNAP2
NIT2_HUMAN	NIT2
NKD2_HUMAN	NKD2
NKX61_HUMAN	NKX6-1
NLGN2_HUMAN	NLGN2
NMNA1_HUMAN	NMNAT1
NNRE_HUMAN	NAXE
NNTM_HUMAN	NNT
NOB1_HUMAN	NOB1
NOE1_HUMAN	OLFM1
NOS2_HUMAN	NOS2
NOSIP_HUMAN	NOSIP
NP1L2_HUMAN	NAP1L2
NPC2_HUMAN	NPC2
NPM3_HUMAN	NPM3
NPS3A_HUMAN	NIPSNAP3A
NPS3B_HUMAN	NIPSNAP3B
NPY6R_HUMAN	NPY6R
NQO2_HUMAN	NQO2
NSF1C_HUMAN	NSFL1C
NTAL_HUMAN	LAT2
NTF2_HUMAN	NUTF2
NU4M_HUMAN	MT-ND4
NU5M_HUMAN	MT-ND5
NUCL_HUMAN	NCL
NUDT4_HUMAN	NUDT4
NUP62_HUMAN	NUP62
OAZ2_HUMAN	OAZ2
ODBA_HUMAN	BCKDHA
ODF2L_HUMAN	ODF2L
ODO1_HUMAN	OGDH
ODO2_HUMAN	DLST
ODP2_HUMAN	DLAT
ODPA_HUMAN	PDHA1
ODPB_HUMAN	PDHB
OGDHL_HUMAN	OGDHL
OMP_HUMAN	OMP
OPA1_HUMAN	OPA1
OPCM_HUMAN	OPCML
OR4KE_HUMAN	OR4K14
ORC5_HUMAN	ORC5
ORC6_HUMAN	ORC6
ORNT2_HUMAN	SLC25A2
OSCP1_HUMAN	OSCP1
OTX2_HUMAN	OTX2
OX1R_HUMAN	HCRTR1
OXSM_HUMAN	OXSM
PABP1_HUMAN	PABPC1
PABP2_HUMAN	PABPN1
PACA_HUMAN	ADCYAP1
PACRG_HUMAN	PACRG
PAI2B_HUMAN	PAIP2B
PAK1_HUMAN	PAK1
PAL4A_HUMAN	PPIAL4A
PALMD_HUMAN	PALMD
PANK2_HUMAN	PANK2
PANK3_HUMAN	PANK3
PAP1M_HUMAN	PABPC1L2A
PAP1M_HUMAN	PABPC1L2B
PAPOG_HUMAN	PAPOLG
PAPS1_HUMAN	PAPSS1
PAQR4_HUMAN	PAQR4
PAR14_HUMAN	PARP14
PAR15_HUMAN	PARP15
PAR16_HUMAN	PARP16
PARK7_HUMAN	PARK7
PCBP1_HUMAN	PCBP1
PCBP2_HUMAN	PCBP2
PCCA_HUMAN	PCCA
PCCB_HUMAN	PCCB
PCDAD_HUMAN	PCDHA13
PCDC1_HUMAN	PCDHAC1
PCDG5_HUMAN	PCDHGA5
PCDGE_HUMAN	PCDHGB2
PCDGK_HUMAN	PCDHGC3
PCDH1_HUMAN	PCDH1
PCNA_HUMAN	PCNA
PCY1A_HUMAN	PCYT1A
PDCD1_HUMAN	PDCD1
PDIA1_HUMAN	P4HB
PDIA3_HUMAN	PDIA3
PDIA6_HUMAN	PDIA6
PDIP2_HUMAN	POLDIP2
PDK3_HUMAN	PDK3
PDLI1_HUMAN	PDLIM1
PDLI3_HUMAN	PDLIM3
PDLI5_HUMAN	PDLIM5
PDLI7_HUMAN	PDLIM7
PEBB_HUMAN	CBFB
PEBP1_HUMAN	PEBP1
PEG10_HUMAN	PEG10
PENK_HUMAN	PENK
PERI_HUMAN	PRPH
PGAM1_HUMAN	PGAM1
PGAM2_HUMAN	PGAM2
PGAM4_HUMAN	PGAM4
PGAP1_HUMAN	PGAP1
PGK1_HUMAN	PGK1
PGK2_HUMAN	PGK2
PGM1_HUMAN	PGM1
PGM5_HUMAN	PGM5
PGRC2_HUMAN	PGRMC2
PHAX_HUMAN	PHAX
PHB2_HUMAN	PHB2
PHF12_HUMAN	PHF12
PHF6_HUMAN	PHF6
PHP14_HUMAN	PHPT1
PHS2_HUMAN	PCBD2
PI4P1_HUMAN	PI4KAP1
PIMT_HUMAN	PCMT1
PINK1_HUMAN	PINK1
PKHF2_HUMAN	PLEKHF2
PKHH1_HUMAN	PLEKHH1
PKHH2_HUMAN	PLEKHH2
PKN3_HUMAN	PKN3
PLAK_HUMAN	JUP
PLCA_HUMAN	AGPAT1
PLIN1_HUMAN	PLIN1
PLIN3_HUMAN	PLIN3
PLIN4_HUMAN	PLIN4
PLM_HUMAN	FXYD1
PLS4_HUMAN	PLSCR4
PMM1_HUMAN	PMM1
PMVK_HUMAN	PMVK
PNMT_HUMAN	PNMT
POLH_HUMAN	POLH
POPD1_HUMAN	BVES
POTEE_HUMAN	POTEE
POTEF_HUMAN	POTEF
POTEI_HUMAN	POTEI
POTEJ_HUMAN	POTEJ
PP1A_HUMAN	PPP1CA
PP2AA_HUMAN	PPP2CA
PPAC_HUMAN	ACP1
PPCE_HUMAN	PREP
PPIA_HUMAN	PPIA
PPM1D_HUMAN	PPM1D
PPM1H_HUMAN	PPM1H
PPM1N_HUMAN	PPM1N
PPR42_HUMAN	PPP1R42
PPWD1_HUMAN	PPWD1
PQBP1_HUMAN	PQBP1
PR23B_HUMAN	PRR23B
PRA18_HUMAN	PRAMEF18
PRAF3_HUMAN	ARL6IP5
PRD14_HUMAN	PRDM14
PRDX1_HUMAN	PRDX1
PRDX2_HUMAN	PRDX2
PRDX3_HUMAN	PRDX3
PRDX5_HUMAN	PRDX5
PRDX6_HUMAN	PRDX6
PRLD1_HUMAN	PRELID1
PROF1_HUMAN	PFN1
PRS23_HUMAN	PRSS23
PRS46_HUMAN	PRSS46P
PRS6A_HUMAN	PSMC3
PRS7_HUMAN	PSMC2
PSA_HUMAN	NPEPPS
PSA1_HUMAN	PSMA1
PSA2_HUMAN	PSMA2
PSA4_HUMAN	PSMA4
PSA5_HUMAN	PSMA5
PSB2_HUMAN	PSMB2
PSB3_HUMAN	PSMB3
PSB5_HUMAN	PSMB5
PSD1_HUMAN	PSD
PSD11_HUMAN	PSMD11
PSD13_HUMAN	PSMD13
PSG2_HUMAN	PSG2
PSG4_HUMAN	PSG4
PSG5_HUMAN	PSG5
PSG8_HUMAN	PSG8
PSMD4_HUMAN	PSMD4
PSME1_HUMAN	PSME1
PSMF1_HUMAN	PSMF1
PTMS_HUMAN	PTMS
PTN1_HUMAN	PTPN1
PUR9_HUMAN	ATIC
PURA_HUMAN	PURA
PURA1_HUMAN	ADSS1
PWP2B_HUMAN	PWWP2B
PYGB_HUMAN	PYGB
PYGL_HUMAN	PYGL
PYGM_HUMAN	PYGM
QCR1_HUMAN	UQCRC1
QCR2_HUMAN	UQCRC2
QCR6_HUMAN	UQCRH
QCR7_HUMAN	UQCRB
QCR8_HUMAN	UQCRQ
QCR9_HUMAN	UQCR10
QOR_HUMAN	CRYZ
R113A_HUMAN	RNF113A
RA54B_HUMAN	RAD54B
RAB14_HUMAN	RAB14
RAB15_HUMAN	RAB15
RAB17_HUMAN	RAB17
RAB1A_HUMAN	RAB1A
RAB1B_HUMAN	RAB1B
RAB1C_HUMAN	RAB1C
RAB2A_HUMAN	RAB2A
RAB2B_HUMAN	RAB2B
RAB34_HUMAN	RAB34
RAB35_HUMAN	RAB35
RAB4A_HUMAN	RAB4A
RAB6B_HUMAN	RAB6B
RAB7A_HUMAN	RAB7A
RAB8A_HUMAN	RAB8A
RAB8B_HUMAN	RAB8B
RAB9A_HUMAN	RAB9A
RADI_HUMAN	RDX
RAN_HUMAN	RAN
RANG_HUMAN	RANBP1
RASM_HUMAN	MRAS
RB27B_HUMAN	RAB27B
RB39A_HUMAN	RAB39A
RB39B_HUMAN	RAB39B
RBM25_HUMAN	RBM25
RBM4_HUMAN	RBM4
RBM44_HUMAN	RBM44
RBP2_HUMAN	RANBP2
RCC2_HUMAN	RCC2
RDH10_HUMAN	RDH10
RED_HUMAN	IK
RFC3_HUMAN	RFC3
RGS20_HUMAN	RGS20
RGS4_HUMAN	RGS4
RGS5_HUMAN	RGS5
RHBL3_HUMAN	RHBDL3
RHG25_HUMAN	ARHGAP25
RHOV_HUMAN	RHOV
RIMS3_HUMAN	RIMS3
RIMS4_HUMAN	RIMS4
RINI_HUMAN	RNH1
RL30_HUMAN	RPL30
RL35A_HUMAN	RPL35A
RL5_HUMAN	RPL5
RL6_HUMAN	RPL6
RLA0L_HUMAN	RPLP0P6
RLA2_HUMAN	RPLP2
RM11_HUMAN	MRPL11
RM50_HUMAN	MRPL50
RMD1_HUMAN	RMDN1
RNAS8_HUMAN	RNASE8
RNF8_HUMAN	RNF8
ROA2_HUMAN	HNRNPA2B1
ROA3_HUMAN	HNRNPA3
ROGDI_HUMAN	ROGDI
RP3A_HUMAN	RPH3A
RPB2_HUMAN	POLR2B
RPC8_HUMAN	POLR3H
RPKL1_HUMAN	RPS6KL1
RPP25_HUMAN	RPP25
RPR1B_HUMAN	RPRD1B
RS13_HUMAN	RPS13
RS28_HUMAN	RPS28
RS3A_HUMAN	RPS3A
RS5_HUMAN	RPS5
RS7_HUMAN	RPS7
RSSA_HUMAN	RPSA
RU17_HUMAN	SNRNP70
RUNX2_HUMAN	RUNX2
RWD2A_HUMAN	RWDD2A
S10A1_HUMAN	S100A1
S14L6_HUMAN	SEC14L6
S22AO_HUMAN	SLC22A24
S2547_HUMAN	SLC25A47
S35A2_HUMAN	SLC35A2
S36A4_HUMAN	SLC36A4
S5A1_HUMAN	SRD5A1
SAA2_HUMAN	SAA2
SAGE1_HUMAN	SAGE1
SAM50_HUMAN	SAMM50
SAMP_HUMAN	APCS
SAP_HUMAN	PSAP
SAPC2_HUMAN	SAPCD2
SARNP_HUMAN	SARNP
SATB1_HUMAN	SATB1
SBP1_HUMAN	SELENBP1
SCLT1_HUMAN	SCLT1
SCML1_HUMAN	SCML1
SCML2_HUMAN	SCML2
SCNNA_HUMAN	SCNN1A
SCOT1_HUMAN	OXCT1
SCRN1_HUMAN	SCRN1
SDHF2_HUMAN	SDHAF2
SEC63_HUMAN	SEC63
SEH1_HUMAN	SEH1L
SELV_HUMAN	SELENOV
SEM6A_HUMAN	SEMA6A
SEP14_HUMAN	SEPTIN14
SEPT1_HUMAN	SEPTIN1
SEPT2_HUMAN	SEPTIN2
SEPT9_HUMAN	SEPTIN9
SETX_HUMAN	SETX
SFXN3_HUMAN	SFXN3
SGCZ_HUMAN	SGCZ
SH3L1_HUMAN	SH3BGRL
SHCBP_HUMAN	SHCBP1
SHOX_HUMAN	SHOX
SIA7F_HUMAN	ST6GALNAC6
SIAT1_HUMAN	ST6GAL1
SIRB1_HUMAN	SIRPB1
SIT1_HUMAN	SIT1
SIX6_HUMAN	SIX6
SKP2_HUMAN	SKP2
SLIB_HUMAN	GHRH
SMOX_HUMAN	SMOX
SMTL1_HUMAN	SMTNL1
SMYD1_HUMAN	SMYD1
SNAB_HUMAN	NAPB
SNP25_HUMAN	SNAP25
SNUT2_HUMAN	USP39
SNX12_HUMAN	SNX12
SNX29_HUMAN	SNX29
SNX3_HUMAN	SNX3
SODC_HUMAN	SOD1
SODE_HUMAN	SOD3
SODM_HUMAN	SOD2
SORCN_HUMAN	SRI
SOX13_HUMAN	SOX13
SOX2_HUMAN	SOX2
SPA13_HUMAN	SERPINA13P
SPB10_HUMAN	SERPINB10
SPB11_HUMAN	SERPINB11
SPB12_HUMAN	SERPINB12
SPB5_HUMAN	SERPINB5
SPB6_HUMAN	SERPINB6
SPB8_HUMAN	SERPINB8
SPC24_HUMAN	SPC24
SPIN1_HUMAN	SPIN1
SPRE_HUMAN	SPR
SPRY4_HUMAN	SPRYD4
SPSB1_HUMAN	SPSB1
SPT22_HUMAN	SPATA22
SRBS2_HUMAN	SORBS2
SRCA_HUMAN	SRL
SRCH_HUMAN	HRC
SREK1_HUMAN	SREK1
SRPK3_HUMAN	SRPK3
SRSF9_HUMAN	SRSF9
SSBP_HUMAN	SSBP1
SSU72_HUMAN	SSU72
ST134_HUMAN	ST13P4
ST1B1_HUMAN	SULT1B1
STAC_HUMAN	STAC
STAR_HUMAN	STAR
STAR7_HUMAN	STARD7
STB5L_HUMAN	STXBP5L
STEA4_HUMAN	STEAP4
STIP1_HUMAN	STIP1
STK4_HUMAN	STK4
STMN2_HUMAN	STMN2
STRA8_HUMAN	STRA8
STRBP_HUMAN	STRBP
STT3A_HUMAN	STT3A
STX1A_HUMAN	STX1A
SUCA_HUMAN	SUCLG1
SUCB1_HUMAN	SUCLA2
SUCB2_HUMAN	SUCLG2
SWAHA_HUMAN	SOWAHA
SYCP1_HUMAN	SYCP1
SYEM_HUMAN	EARS2
SYNEM_HUMAN	SYNM
SYPM_HUMAN	PARS2
SYRC_HUMAN	RARS1
SYT1_HUMAN	SYT1
SYT13_HUMAN	SYT13
SYWC_HUMAN	WARS1
T106C_HUMAN	TMEM106C
T126B_HUMAN	TMEM126B
T22D3_HUMAN	TSC22D3
TAF6_HUMAN	TAF6
TAGL_HUMAN	TAGLN
TAGL2_HUMAN	TAGLN2
TASP1_HUMAN	TASP1
TATD1_HUMAN	TATDN1
TB182_HUMAN	TNKS1BP1
TBA1A_HUMAN	TUBA1A
TBA1B_HUMAN	TUBA1B
TBA1C_HUMAN	TUBA1C
TBA3C_HUMAN	TUBA3C
TBA3E_HUMAN	TUBA3E
TBA4A_HUMAN	TUBA4A
TBA4B_HUMAN	TUBA4B
TBA8_HUMAN	TUBA8
TBAL3_HUMAN	TUBAL3
TBB1_HUMAN	TUBB1
TBB2A_HUMAN	TUBB2A
TBB2B_HUMAN	TUBB2B
TBB3_HUMAN	TUBB3
TBB4A_HUMAN	TUBB4A
TBB4B_HUMAN	TUBB4B
TBB5_HUMAN	TUBB
TBB6_HUMAN	TUBB6
TBB8_HUMAN	TUBB8
TBCEL_HUMAN	TBCEL
TBD_HUMAN	TUBD1
TBL1R_HUMAN	TBL1XR1
TCAL7_HUMAN	TCEAL7
TCEA1_HUMAN	TCEA1
TCF21_HUMAN	TCF21
TEC_HUMAN	TEC
TEKT1_HUMAN	TEKT1
TEKT2_HUMAN	TEKT2
TEKT5_HUMAN	TEKT5
TELT_HUMAN	TCAP
TENXA_HUMAN	TNXA
TERA_HUMAN	VCP
TESP1_HUMAN	TESPA1
TEX12_HUMAN	TEX12
TF_HUMAN	F3
TFAP4_HUMAN	TFAP4
TFPT_HUMAN	TFPT
TGM2_HUMAN	TGM2
TGM7_HUMAN	TGM7
THIK_HUMAN	ACAA1
THIL_HUMAN	ACAT1
THIM_HUMAN	ACAA2
THIO_HUMAN	TXN
THNS2_HUMAN	THNSL2
THRB_HUMAN	F2
THUM1_HUMAN	THUMPD1
TIF1B_HUMAN	TRIM28
TIGAR_HUMAN	TIGAR
TIGD7_HUMAN	TIGD7
TIGIT_HUMAN	TIGIT
TIM13_HUMAN	TIMM13
TIM9_HUMAN	TIMM9
TJAP1_HUMAN	TJAP1
TKN1_HUMAN	TAC1
TLE4_HUMAN	TLE4
TM11F_HUMAN	TMPRSS11F
TM125_HUMAN	TMEM125
TM1L2_HUMAN	TOM1L2
TMOD1_HUMAN	TMOD1
TMPSC_HUMAN	TMPRSS12
TMTC2_HUMAN	TMTC2
TMX1_HUMAN	TMX1
TNFA_HUMAN	TNF
TNNC1_HUMAN	TNNC1
TNNI3_HUMAN	TNNI3
TNNT1_HUMAN	TNNT1
TNNT2_HUMAN	TNNT2
TNR6_HUMAN	FAS
TOM22_HUMAN	TOMM22
TOMT_HUMAN	TOMT
TPIS_HUMAN	TPI1
TPM1_HUMAN	TPM1
TPM2_HUMAN	TPM2
TPM3_HUMAN	TPM3
TPM4_HUMAN	TPM4
TPP1_HUMAN	TPP1
TPRGL_HUMAN	TPRG1L
TPRKB_HUMAN	TPRKB
TRADD_HUMAN	TRADD
TRAP1_HUMAN	TRAP1
TRFE_HUMAN	TF
TRI10_HUMAN	TRIM10
TRI11_HUMAN	TRIM11
TRI17_HUMAN	TRIM17
TRI58_HUMAN	TRIM58
TRIMM_HUMAN	TRIML2
TRIP6_HUMAN	TRIP6
TRUB1_HUMAN	TRUB1
TRXR1_HUMAN	TXNRD1
TSSK3_HUMAN	TSSK3
TSTD1_HUMAN	TSTD1
TTC12_HUMAN	TTC12
TTHY_HUMAN	TTR
TVB2_HUMAN	TRBV2
TWF1_HUMAN	TWF1
TWF2_HUMAN	TWF2
TX13A_HUMAN	TEX13A
TXLNB_HUMAN	TXLNB
TXND6_HUMAN	NME9
TXND9_HUMAN	TXNDC9
UB2L3_HUMAN	UBE2L3
UBA1_HUMAN	UBA1
UBC_HUMAN	UBC
UBC12_HUMAN	UBE2M
UBE2N_HUMAN	UBE2N
UBIP1_HUMAN	UBP1
UBL4A_HUMAN	UBL4A
UBP11_HUMAN	USP11
UBP13_HUMAN	USP13
UBP16_HUMAN	USP16
UBP19_HUMAN	USP19
UBXN6_HUMAN	UBXN6
UCHL1_HUMAN	UCHL1
UCRI_HUMAN	UQCRFS1
UCRIL_HUMAN	UQCRFS1P1
UE2NL_HUMAN	UBE2NL
UGPA_HUMAN	UGP2
UHMK1_HUMAN	UHMK1
UN45B_HUMAN	UNC45B
UPP1_HUMAN	UPP1
UPP2_HUMAN	UPP2
USF2_HUMAN	USF2
VAMP3_HUMAN	VAMP3
VAMP5_HUMAN	VAMP5
VCAM1_HUMAN	VCAM1
VDAC1_HUMAN	VDAC1
VDAC2_HUMAN	VDAC2
VDAC3_HUMAN	VDAC3
VGF_HUMAN	VGF
VILI_HUMAN	VIL1
VIME_HUMAN	VIM
VINC_HUMAN	VCL
VPS11_HUMAN	VPS11
VPS25_HUMAN	VPS25
VRK1_HUMAN	VRK1
VTDB_HUMAN	GC
VTNC_HUMAN	VTN
WDR1_HUMAN	WDR1
WDR46_HUMAN	WDR46
WDR54_HUMAN	WDR54
WDR89_HUMAN	WDR89
WIT1_HUMAN	WT1-AS
WSDU1_HUMAN	WDSUB1
XIRP1_HUMAN	XIRP1
XPO5_HUMAN	XPO5
XRCC4_HUMAN	XRCC4
YBOX1_HUMAN	YBX1
YBOX2_HUMAN	YBX2
YK039_HUMAN	PRO1716
YKT6_HUMAN	YKT6
Z518B_HUMAN	ZNF518B
Z587B_HUMAN	ZNF587B
ZA2G_HUMAN	AZGP1
ZAR1_HUMAN	ZAR1
ZAR1L_HUMAN	ZAR1L
ZC3HD_HUMAN	ZC3H13
ZCHC8_HUMAN	ZCCHC8
ZHX1R_HUMAN	ZHX1-C8orf76
ZN101_HUMAN	ZNF101
ZN136_HUMAN	ZNF136
ZN140_HUMAN	ZNF140
ZN266_HUMAN	ZNF266
ZN322_HUMAN	ZNF322
ZN337_HUMAN	ZNF337
ZN415_HUMAN	ZNF415
ZN426_HUMAN	ZNF426
ZN433_HUMAN	ZNF433
ZN442_HUMAN	ZNF442
ZN480_HUMAN	ZNF480
ZN491_HUMAN	ZNF491
ZN534_HUMAN	ZNF534
ZN555_HUMAN	ZNF555
ZN564_HUMAN	ZNF564
ZN629_HUMAN	ZNF629
ZN670_HUMAN	ZNF670
ZN675_HUMAN	ZNF675
ZN709_HUMAN	ZNF709
ZN714_HUMAN	ZNF714
ZN735_HUMAN	ZNF735
ZN763_HUMAN	ZNF763
ZN813_HUMAN	ZNF813
ZN829_HUMAN	ZNF829
ZN830_HUMAN	ZNF830
ZNF35_HUMAN	ZNF35
ZNF79_HUMAN	ZNF79
ZSC16_HUMAN	ZSCAN16
ZSWM7_HUMAN	ZSWIM7
ZWINT_HUMAN	ZWINT
