cluster,ome,feature_ID,tissue,feature
3,PROT,NP_001013965.1,LIVER,PROT;LIVER;NP_001013965.1
1,PHOSPHO,NP_059007.1_S26s,HEART,PHOSPHO;HEART;NP_059007.1_S26s
2,PHOSPHO,NP_071793.1_T103t,SKM-GN,PHOSPHO;SKM-GN;NP_071793.1_T103t
2,TRNSCRPT,ENSRNOG00000000064,ADRNL,TRNSCRPT;ADRNL;ENSRNOG00000000064
2,TRNSCRPT,ENSRNOG00000000122,ADRNL,TRNSCRPT;ADRNL;ENSRNOG00000000122
4,TRNSCRPT,ENSRNOG00000000185,ADRNL,TRNSCRPT;ADRNL;ENSRNOG00000000185
4,TRNSCRPT,ENSRNOG00000000279,ADRNL,TRNSCRPT;ADRNL;ENSRNOG00000000279
2,TRNSCRPT,ENSRNOG00000000281,ADRNL,TRNSCRPT;ADRNL;ENSRNOG00000000281
4,TRNSCRPT,ENSRNOG00000000392,ADRNL,TRNSCRPT;ADRNL;ENSRNOG00000000392
2,TRNSCRPT,ENSRNOG00000000610,ADRNL,TRNSCRPT;ADRNL;ENSRNOG00000000610
4,TRNSCRPT,ENSRNOG00000000658,ADRNL,TRNSCRPT;ADRNL;ENSRNOG00000000658
2,TRNSCRPT,ENSRNOG00000000812,ADRNL,TRNSCRPT;ADRNL;ENSRNOG00000000812
4,TRNSCRPT,ENSRNOG00000001058,ADRNL,TRNSCRPT;ADRNL;ENSRNOG00000001058
2,TRNSCRPT,ENSRNOG00000001170,ADRNL,TRNSCRPT;ADRNL;ENSRNOG00000001170
4,TRNSCRPT,ENSRNOG00000001171,ADRNL,TRNSCRPT;ADRNL;ENSRNOG00000001171
4,TRNSCRPT,ENSRNOG00000001177,ADRNL,TRNSCRPT;ADRNL;ENSRNOG00000001177
2,TRNSCRPT,ENSRNOG00000001182,ADRNL,TRNSCRPT;ADRNL;ENSRNOG00000001182
4,TRNSCRPT,ENSRNOG00000001211,ADRNL,TRNSCRPT;ADRNL;ENSRNOG00000001211
2,TRNSCRPT,ENSRNOG00000001440,ADRNL,TRNSCRPT;ADRNL;ENSRNOG00000001440
4,TRNSCRPT,ENSRNOG00000001517,ADRNL,TRNSCRPT;ADRNL;ENSRNOG00000001517
4,TRNSCRPT,ENSRNOG00000001717,ADRNL,TRNSCRPT;ADRNL;ENSRNOG00000001717
4,TRNSCRPT,ENSRNOG00000001770,ADRNL,TRNSCRPT;ADRNL;ENSRNOG00000001770
2,TRNSCRPT,ENSRNOG00000001842,ADRNL,TRNSCRPT;ADRNL;ENSRNOG00000001842
2,TRNSCRPT,ENSRNOG00000001991,ADRNL,TRNSCRPT;ADRNL;ENSRNOG00000001991
4,TRNSCRPT,ENSRNOG00000002115,ADRNL,TRNSCRPT;ADRNL;ENSRNOG00000002115
4,TRNSCRPT,ENSRNOG00000002205,ADRNL,TRNSCRPT;ADRNL;ENSRNOG00000002205
4,TRNSCRPT,ENSRNOG00000002207,ADRNL,TRNSCRPT;ADRNL;ENSRNOG00000002207
2,TRNSCRPT,ENSRNOG00000002255,ADRNL,TRNSCRPT;ADRNL;ENSRNOG00000002255
2,TRNSCRPT,ENSRNOG00000002721,ADRNL,TRNSCRPT;ADRNL;ENSRNOG00000002721
2,TRNSCRPT,ENSRNOG00000002840,ADRNL,TRNSCRPT;ADRNL;ENSRNOG00000002840
2,TRNSCRPT,ENSRNOG00000002852,ADRNL,TRNSCRPT;ADRNL;ENSRNOG00000002852
1,TRNSCRPT,ENSRNOG00000002977,ADRNL,TRNSCRPT;ADRNL;ENSRNOG00000002977
4,TRNSCRPT,ENSRNOG00000003049,ADRNL,TRNSCRPT;ADRNL;ENSRNOG00000003049
4,TRNSCRPT,ENSRNOG00000003150,ADRNL,TRNSCRPT;ADRNL;ENSRNOG00000003150
2,TRNSCRPT,ENSRNOG00000003163,ADRNL,TRNSCRPT;ADRNL;ENSRNOG00000003163
4,TRNSCRPT,ENSRNOG00000003253,ADRNL,TRNSCRPT;ADRNL;ENSRNOG00000003253
2,TRNSCRPT,ENSRNOG00000003330,ADRNL,TRNSCRPT;ADRNL;ENSRNOG00000003330
2,TRNSCRPT,ENSRNOG00000003398,ADRNL,TRNSCRPT;ADRNL;ENSRNOG00000003398
4,TRNSCRPT,ENSRNOG00000003580,ADRNL,TRNSCRPT;ADRNL;ENSRNOG00000003580
2,TRNSCRPT,ENSRNOG00000003626,ADRNL,TRNSCRPT;ADRNL;ENSRNOG00000003626
2,TRNSCRPT,ENSRNOG00000003653,ADRNL,TRNSCRPT;ADRNL;ENSRNOG00000003653
2,TRNSCRPT,ENSRNOG00000003815,ADRNL,TRNSCRPT;ADRNL;ENSRNOG00000003815
4,TRNSCRPT,ENSRNOG00000003918,ADRNL,TRNSCRPT;ADRNL;ENSRNOG00000003918
2,TRNSCRPT,ENSRNOG00000004027,ADRNL,TRNSCRPT;ADRNL;ENSRNOG00000004027
4,TRNSCRPT,ENSRNOG00000004085,ADRNL,TRNSCRPT;ADRNL;ENSRNOG00000004085
4,TRNSCRPT,ENSRNOG00000004101,ADRNL,TRNSCRPT;ADRNL;ENSRNOG00000004101
4,TRNSCRPT,ENSRNOG00000004161,ADRNL,TRNSCRPT;ADRNL;ENSRNOG00000004161
4,TRNSCRPT,ENSRNOG00000004172,ADRNL,TRNSCRPT;ADRNL;ENSRNOG00000004172
4,TRNSCRPT,ENSRNOG00000004403,ADRNL,TRNSCRPT;ADRNL;ENSRNOG00000004403
4,TRNSCRPT,ENSRNOG00000004442,ADRNL,TRNSCRPT;ADRNL;ENSRNOG00000004442
2,TRNSCRPT,ENSRNOG00000004448,ADRNL,TRNSCRPT;ADRNL;ENSRNOG00000004448
4,TRNSCRPT,ENSRNOG00000004512,ADRNL,TRNSCRPT;ADRNL;ENSRNOG00000004512
4,TRNSCRPT,ENSRNOG00000004608,ADRNL,TRNSCRPT;ADRNL;ENSRNOG00000004608
2,TRNSCRPT,ENSRNOG00000004640,ADRNL,TRNSCRPT;ADRNL;ENSRNOG00000004640
4,TRNSCRPT,ENSRNOG00000004668,ADRNL,TRNSCRPT;ADRNL;ENSRNOG00000004668
4,TRNSCRPT,ENSRNOG00000004857,ADRNL,TRNSCRPT;ADRNL;ENSRNOG00000004857
4,TRNSCRPT,ENSRNOG00000004893,ADRNL,TRNSCRPT;ADRNL;ENSRNOG00000004893
4,TRNSCRPT,ENSRNOG00000005006,ADRNL,TRNSCRPT;ADRNL;ENSRNOG00000005006
2,TRNSCRPT,ENSRNOG00000005061,ADRNL,TRNSCRPT;ADRNL;ENSRNOG00000005061
2,TRNSCRPT,ENSRNOG00000005130,ADRNL,TRNSCRPT;ADRNL;ENSRNOG00000005130
4,TRNSCRPT,ENSRNOG00000005247,ADRNL,TRNSCRPT;ADRNL;ENSRNOG00000005247
2,TRNSCRPT,ENSRNOG00000005377,ADRNL,TRNSCRPT;ADRNL;ENSRNOG00000005377
4,TRNSCRPT,ENSRNOG00000005418,ADRNL,TRNSCRPT;ADRNL;ENSRNOG00000005418
2,TRNSCRPT,ENSRNOG00000005512,ADRNL,TRNSCRPT;ADRNL;ENSRNOG00000005512
2,TRNSCRPT,ENSRNOG00000005587,ADRNL,TRNSCRPT;ADRNL;ENSRNOG00000005587
2,TRNSCRPT,ENSRNOG00000005618,ADRNL,TRNSCRPT;ADRNL;ENSRNOG00000005618
2,TRNSCRPT,ENSRNOG00000005668,ADRNL,TRNSCRPT;ADRNL;ENSRNOG00000005668
2,TRNSCRPT,ENSRNOG00000005877,ADRNL,TRNSCRPT;ADRNL;ENSRNOG00000005877
2,TRNSCRPT,ENSRNOG00000005987,ADRNL,TRNSCRPT;ADRNL;ENSRNOG00000005987
4,TRNSCRPT,ENSRNOG00000006364,ADRNL,TRNSCRPT;ADRNL;ENSRNOG00000006364
4,TRNSCRPT,ENSRNOG00000006375,ADRNL,TRNSCRPT;ADRNL;ENSRNOG00000006375
4,TRNSCRPT,ENSRNOG00000006608,ADRNL,TRNSCRPT;ADRNL;ENSRNOG00000006608
4,TRNSCRPT,ENSRNOG00000006779,ADRNL,TRNSCRPT;ADRNL;ENSRNOG00000006779
2,TRNSCRPT,ENSRNOG00000006858,ADRNL,TRNSCRPT;ADRNL;ENSRNOG00000006858
4,TRNSCRPT,ENSRNOG00000006893,ADRNL,TRNSCRPT;ADRNL;ENSRNOG00000006893
4,TRNSCRPT,ENSRNOG00000006898,ADRNL,TRNSCRPT;ADRNL;ENSRNOG00000006898
4,TRNSCRPT,ENSRNOG00000006947,ADRNL,TRNSCRPT;ADRNL;ENSRNOG00000006947
4,TRNSCRPT,ENSRNOG00000006949,ADRNL,TRNSCRPT;ADRNL;ENSRNOG00000006949
1,TRNSCRPT,ENSRNOG00000006968,ADRNL,TRNSCRPT;ADRNL;ENSRNOG00000006968
2,TRNSCRPT,ENSRNOG00000007040,ADRNL,TRNSCRPT;ADRNL;ENSRNOG00000007040
4,TRNSCRPT,ENSRNOG00000007069,ADRNL,TRNSCRPT;ADRNL;ENSRNOG00000007069
4,TRNSCRPT,ENSRNOG00000007102,ADRNL,TRNSCRPT;ADRNL;ENSRNOG00000007102
2,TRNSCRPT,ENSRNOG00000007316,ADRNL,TRNSCRPT;ADRNL;ENSRNOG00000007316
4,TRNSCRPT,ENSRNOG00000007407,ADRNL,TRNSCRPT;ADRNL;ENSRNOG00000007407
4,TRNSCRPT,ENSRNOG00000007506,ADRNL,TRNSCRPT;ADRNL;ENSRNOG00000007506
4,TRNSCRPT,ENSRNOG00000007743,ADRNL,TRNSCRPT;ADRNL;ENSRNOG00000007743
4,TRNSCRPT,ENSRNOG00000007829,ADRNL,TRNSCRPT;ADRNL;ENSRNOG00000007829
4,TRNSCRPT,ENSRNOG00000007837,ADRNL,TRNSCRPT;ADRNL;ENSRNOG00000007837
2,TRNSCRPT,ENSRNOG00000007862,ADRNL,TRNSCRPT;ADRNL;ENSRNOG00000007862
2,TRNSCRPT,ENSRNOG00000007883,ADRNL,TRNSCRPT;ADRNL;ENSRNOG00000007883
2,TRNSCRPT,ENSRNOG00000007895,ADRNL,TRNSCRPT;ADRNL;ENSRNOG00000007895
2,TRNSCRPT,ENSRNOG00000007967,ADRNL,TRNSCRPT;ADRNL;ENSRNOG00000007967
2,TRNSCRPT,ENSRNOG00000008236,ADRNL,TRNSCRPT;ADRNL;ENSRNOG00000008236
4,TRNSCRPT,ENSRNOG00000008279,ADRNL,TRNSCRPT;ADRNL;ENSRNOG00000008279
4,TRNSCRPT,ENSRNOG00000008320,ADRNL,TRNSCRPT;ADRNL;ENSRNOG00000008320
2,TRNSCRPT,ENSRNOG00000008329,ADRNL,TRNSCRPT;ADRNL;ENSRNOG00000008329
4,TRNSCRPT,ENSRNOG00000008340,ADRNL,TRNSCRPT;ADRNL;ENSRNOG00000008340
2,TRNSCRPT,ENSRNOG00000008364,ADRNL,TRNSCRPT;ADRNL;ENSRNOG00000008364
4,TRNSCRPT,ENSRNOG00000008546,ADRNL,TRNSCRPT;ADRNL;ENSRNOG00000008546
2,TRNSCRPT,ENSRNOG00000008566,ADRNL,TRNSCRPT;ADRNL;ENSRNOG00000008566
2,TRNSCRPT,ENSRNOG00000008569,ADRNL,TRNSCRPT;ADRNL;ENSRNOG00000008569
2,TRNSCRPT,ENSRNOG00000008843,ADRNL,TRNSCRPT;ADRNL;ENSRNOG00000008843
2,TRNSCRPT,ENSRNOG00000009097,ADRNL,TRNSCRPT;ADRNL;ENSRNOG00000009097
2,TRNSCRPT,ENSRNOG00000009155,ADRNL,TRNSCRPT;ADRNL;ENSRNOG00000009155
2,TRNSCRPT,ENSRNOG00000009252,ADRNL,TRNSCRPT;ADRNL;ENSRNOG00000009252
2,TRNSCRPT,ENSRNOG00000009364,ADRNL,TRNSCRPT;ADRNL;ENSRNOG00000009364
4,TRNSCRPT,ENSRNOG00000009422,ADRNL,TRNSCRPT;ADRNL;ENSRNOG00000009422
4,TRNSCRPT,ENSRNOG00000009484,ADRNL,TRNSCRPT;ADRNL;ENSRNOG00000009484
2,TRNSCRPT,ENSRNOG00000009538,ADRNL,TRNSCRPT;ADRNL;ENSRNOG00000009538
2,TRNSCRPT,ENSRNOG00000009565,ADRNL,TRNSCRPT;ADRNL;ENSRNOG00000009565
2,TRNSCRPT,ENSRNOG00000009845,ADRNL,TRNSCRPT;ADRNL;ENSRNOG00000009845
4,TRNSCRPT,ENSRNOG00000009888,ADRNL,TRNSCRPT;ADRNL;ENSRNOG00000009888
4,TRNSCRPT,ENSRNOG00000009928,ADRNL,TRNSCRPT;ADRNL;ENSRNOG00000009928
2,TRNSCRPT,ENSRNOG00000009994,ADRNL,TRNSCRPT;ADRNL;ENSRNOG00000009994
2,TRNSCRPT,ENSRNOG00000010277,ADRNL,TRNSCRPT;ADRNL;ENSRNOG00000010277
4,TRNSCRPT,ENSRNOG00000010438,ADRNL,TRNSCRPT;ADRNL;ENSRNOG00000010438
2,TRNSCRPT,ENSRNOG00000010452,ADRNL,TRNSCRPT;ADRNL;ENSRNOG00000010452
4,TRNSCRPT,ENSRNOG00000010540,ADRNL,TRNSCRPT;ADRNL;ENSRNOG00000010540
1,TRNSCRPT,ENSRNOG00000010558,ADRNL,TRNSCRPT;ADRNL;ENSRNOG00000010558
4,TRNSCRPT,ENSRNOG00000010633,ADRNL,TRNSCRPT;ADRNL;ENSRNOG00000010633
2,TRNSCRPT,ENSRNOG00000010697,ADRNL,TRNSCRPT;ADRNL;ENSRNOG00000010697
4,TRNSCRPT,ENSRNOG00000010799,ADRNL,TRNSCRPT;ADRNL;ENSRNOG00000010799
2,TRNSCRPT,ENSRNOG00000010800,ADRNL,TRNSCRPT;ADRNL;ENSRNOG00000010800
2,TRNSCRPT,ENSRNOG00000010807,ADRNL,TRNSCRPT;ADRNL;ENSRNOG00000010807
2,TRNSCRPT,ENSRNOG00000010830,ADRNL,TRNSCRPT;ADRNL;ENSRNOG00000010830
4,TRNSCRPT,ENSRNOG00000010940,ADRNL,TRNSCRPT;ADRNL;ENSRNOG00000010940
2,TRNSCRPT,ENSRNOG00000011383,ADRNL,TRNSCRPT;ADRNL;ENSRNOG00000011383
4,TRNSCRPT,ENSRNOG00000011413,ADRNL,TRNSCRPT;ADRNL;ENSRNOG00000011413
4,TRNSCRPT,ENSRNOG00000011419,ADRNL,TRNSCRPT;ADRNL;ENSRNOG00000011419
2,TRNSCRPT,ENSRNOG00000011622,ADRNL,TRNSCRPT;ADRNL;ENSRNOG00000011622
2,TRNSCRPT,ENSRNOG00000011667,ADRNL,TRNSCRPT;ADRNL;ENSRNOG00000011667
4,TRNSCRPT,ENSRNOG00000011690,ADRNL,TRNSCRPT;ADRNL;ENSRNOG00000011690
4,TRNSCRPT,ENSRNOG00000011784,ADRNL,TRNSCRPT;ADRNL;ENSRNOG00000011784
2,TRNSCRPT,ENSRNOG00000011825,ADRNL,TRNSCRPT;ADRNL;ENSRNOG00000011825
2,TRNSCRPT,ENSRNOG00000011839,ADRNL,TRNSCRPT;ADRNL;ENSRNOG00000011839
2,TRNSCRPT,ENSRNOG00000011849,ADRNL,TRNSCRPT;ADRNL;ENSRNOG00000011849
2,TRNSCRPT,ENSRNOG00000011949,ADRNL,TRNSCRPT;ADRNL;ENSRNOG00000011949
2,TRNSCRPT,ENSRNOG00000011952,ADRNL,TRNSCRPT;ADRNL;ENSRNOG00000011952
4,TRNSCRPT,ENSRNOG00000012091,ADRNL,TRNSCRPT;ADRNL;ENSRNOG00000012091
4,TRNSCRPT,ENSRNOG00000012383,ADRNL,TRNSCRPT;ADRNL;ENSRNOG00000012383
2,TRNSCRPT,ENSRNOG00000012415,ADRNL,TRNSCRPT;ADRNL;ENSRNOG00000012415
4,TRNSCRPT,ENSRNOG00000012440,ADRNL,TRNSCRPT;ADRNL;ENSRNOG00000012440
2,TRNSCRPT,ENSRNOG00000012443,ADRNL,TRNSCRPT;ADRNL;ENSRNOG00000012443
2,TRNSCRPT,ENSRNOG00000012457,ADRNL,TRNSCRPT;ADRNL;ENSRNOG00000012457
2,TRNSCRPT,ENSRNOG00000012550,ADRNL,TRNSCRPT;ADRNL;ENSRNOG00000012550
4,TRNSCRPT,ENSRNOG00000012873,ADRNL,TRNSCRPT;ADRNL;ENSRNOG00000012873
2,TRNSCRPT,ENSRNOG00000012966,ADRNL,TRNSCRPT;ADRNL;ENSRNOG00000012966
4,TRNSCRPT,ENSRNOG00000013000,ADRNL,TRNSCRPT;ADRNL;ENSRNOG00000013000
2,TRNSCRPT,ENSRNOG00000013211,ADRNL,TRNSCRPT;ADRNL;ENSRNOG00000013211
4,TRNSCRPT,ENSRNOG00000013293,ADRNL,TRNSCRPT;ADRNL;ENSRNOG00000013293
4,TRNSCRPT,ENSRNOG00000013331,ADRNL,TRNSCRPT;ADRNL;ENSRNOG00000013331
2,TRNSCRPT,ENSRNOG00000013479,ADRNL,TRNSCRPT;ADRNL;ENSRNOG00000013479
2,TRNSCRPT,ENSRNOG00000013505,ADRNL,TRNSCRPT;ADRNL;ENSRNOG00000013505
4,TRNSCRPT,ENSRNOG00000013553,ADRNL,TRNSCRPT;ADRNL;ENSRNOG00000013553
4,TRNSCRPT,ENSRNOG00000013585,ADRNL,TRNSCRPT;ADRNL;ENSRNOG00000013585
2,TRNSCRPT,ENSRNOG00000013766,ADRNL,TRNSCRPT;ADRNL;ENSRNOG00000013766
2,TRNSCRPT,ENSRNOG00000013949,ADRNL,TRNSCRPT;ADRNL;ENSRNOG00000013949
4,TRNSCRPT,ENSRNOG00000013961,ADRNL,TRNSCRPT;ADRNL;ENSRNOG00000013961
2,TRNSCRPT,ENSRNOG00000014058,ADRNL,TRNSCRPT;ADRNL;ENSRNOG00000014058
4,TRNSCRPT,ENSRNOG00000014075,ADRNL,TRNSCRPT;ADRNL;ENSRNOG00000014075
2,TRNSCRPT,ENSRNOG00000014078,ADRNL,TRNSCRPT;ADRNL;ENSRNOG00000014078
2,TRNSCRPT,ENSRNOG00000014128,ADRNL,TRNSCRPT;ADRNL;ENSRNOG00000014128
4,TRNSCRPT,ENSRNOG00000014274,ADRNL,TRNSCRPT;ADRNL;ENSRNOG00000014274
2,TRNSCRPT,ENSRNOG00000014568,ADRNL,TRNSCRPT;ADRNL;ENSRNOG00000014568
2,TRNSCRPT,ENSRNOG00000014625,ADRNL,TRNSCRPT;ADRNL;ENSRNOG00000014625
4,TRNSCRPT,ENSRNOG00000014645,ADRNL,TRNSCRPT;ADRNL;ENSRNOG00000014645
4,TRNSCRPT,ENSRNOG00000014806,ADRNL,TRNSCRPT;ADRNL;ENSRNOG00000014806
2,TRNSCRPT,ENSRNOG00000014890,ADRNL,TRNSCRPT;ADRNL;ENSRNOG00000014890
4,TRNSCRPT,ENSRNOG00000014915,ADRNL,TRNSCRPT;ADRNL;ENSRNOG00000014915
4,TRNSCRPT,ENSRNOG00000015029,ADRNL,TRNSCRPT;ADRNL;ENSRNOG00000015029
2,TRNSCRPT,ENSRNOG00000015063,ADRNL,TRNSCRPT;ADRNL;ENSRNOG00000015063
2,TRNSCRPT,ENSRNOG00000015124,ADRNL,TRNSCRPT;ADRNL;ENSRNOG00000015124
2,TRNSCRPT,ENSRNOG00000015142,ADRNL,TRNSCRPT;ADRNL;ENSRNOG00000015142
4,TRNSCRPT,ENSRNOG00000015150,ADRNL,TRNSCRPT;ADRNL;ENSRNOG00000015150
2,TRNSCRPT,ENSRNOG00000015192,ADRNL,TRNSCRPT;ADRNL;ENSRNOG00000015192
2,TRNSCRPT,ENSRNOG00000015213,ADRNL,TRNSCRPT;ADRNL;ENSRNOG00000015213
2,TRNSCRPT,ENSRNOG00000015233,ADRNL,TRNSCRPT;ADRNL;ENSRNOG00000015233
4,TRNSCRPT,ENSRNOG00000015385,ADRNL,TRNSCRPT;ADRNL;ENSRNOG00000015385
4,TRNSCRPT,ENSRNOG00000015428,ADRNL,TRNSCRPT;ADRNL;ENSRNOG00000015428
2,TRNSCRPT,ENSRNOG00000015437,ADRNL,TRNSCRPT;ADRNL;ENSRNOG00000015437
4,TRNSCRPT,ENSRNOG00000015538,ADRNL,TRNSCRPT;ADRNL;ENSRNOG00000015538
2,TRNSCRPT,ENSRNOG00000015840,ADRNL,TRNSCRPT;ADRNL;ENSRNOG00000015840
4,TRNSCRPT,ENSRNOG00000015848,ADRNL,TRNSCRPT;ADRNL;ENSRNOG00000015848
4,TRNSCRPT,ENSRNOG00000015859,ADRNL,TRNSCRPT;ADRNL;ENSRNOG00000015859
4,TRNSCRPT,ENSRNOG00000016000,ADRNL,TRNSCRPT;ADRNL;ENSRNOG00000016000
2,TRNSCRPT,ENSRNOG00000016033,ADRNL,TRNSCRPT;ADRNL;ENSRNOG00000016033
4,TRNSCRPT,ENSRNOG00000016190,ADRNL,TRNSCRPT;ADRNL;ENSRNOG00000016190
4,TRNSCRPT,ENSRNOG00000016239,ADRNL,TRNSCRPT;ADRNL;ENSRNOG00000016239
2,TRNSCRPT,ENSRNOG00000016327,ADRNL,TRNSCRPT;ADRNL;ENSRNOG00000016327
4,TRNSCRPT,ENSRNOG00000016427,ADRNL,TRNSCRPT;ADRNL;ENSRNOG00000016427
2,TRNSCRPT,ENSRNOG00000016470,ADRNL,TRNSCRPT;ADRNL;ENSRNOG00000016470
2,TRNSCRPT,ENSRNOG00000016660,ADRNL,TRNSCRPT;ADRNL;ENSRNOG00000016660
2,TRNSCRPT,ENSRNOG00000016692,ADRNL,TRNSCRPT;ADRNL;ENSRNOG00000016692
2,TRNSCRPT,ENSRNOG00000016740,ADRNL,TRNSCRPT;ADRNL;ENSRNOG00000016740
4,TRNSCRPT,ENSRNOG00000016829,ADRNL,TRNSCRPT;ADRNL;ENSRNOG00000016829
2,TRNSCRPT,ENSRNOG00000016924,ADRNL,TRNSCRPT;ADRNL;ENSRNOG00000016924
2,TRNSCRPT,ENSRNOG00000016937,ADRNL,TRNSCRPT;ADRNL;ENSRNOG00000016937
4,TRNSCRPT,ENSRNOG00000016949,ADRNL,TRNSCRPT;ADRNL;ENSRNOG00000016949
2,TRNSCRPT,ENSRNOG00000016952,ADRNL,TRNSCRPT;ADRNL;ENSRNOG00000016952
2,TRNSCRPT,ENSRNOG00000017012,ADRNL,TRNSCRPT;ADRNL;ENSRNOG00000017012
2,TRNSCRPT,ENSRNOG00000017032,ADRNL,TRNSCRPT;ADRNL;ENSRNOG00000017032
4,TRNSCRPT,ENSRNOG00000017243,ADRNL,TRNSCRPT;ADRNL;ENSRNOG00000017243
4,TRNSCRPT,ENSRNOG00000017286,ADRNL,TRNSCRPT;ADRNL;ENSRNOG00000017286
2,TRNSCRPT,ENSRNOG00000017396,ADRNL,TRNSCRPT;ADRNL;ENSRNOG00000017396
4,TRNSCRPT,ENSRNOG00000017420,ADRNL,TRNSCRPT;ADRNL;ENSRNOG00000017420
2,TRNSCRPT,ENSRNOG00000017446,ADRNL,TRNSCRPT;ADRNL;ENSRNOG00000017446
2,TRNSCRPT,ENSRNOG00000017481,ADRNL,TRNSCRPT;ADRNL;ENSRNOG00000017481
4,TRNSCRPT,ENSRNOG00000017513,ADRNL,TRNSCRPT;ADRNL;ENSRNOG00000017513
2,TRNSCRPT,ENSRNOG00000017545,ADRNL,TRNSCRPT;ADRNL;ENSRNOG00000017545
2,TRNSCRPT,ENSRNOG00000017571,ADRNL,TRNSCRPT;ADRNL;ENSRNOG00000017571
2,TRNSCRPT,ENSRNOG00000017716,ADRNL,TRNSCRPT;ADRNL;ENSRNOG00000017716
2,TRNSCRPT,ENSRNOG00000017741,ADRNL,TRNSCRPT;ADRNL;ENSRNOG00000017741
2,TRNSCRPT,ENSRNOG00000017817,ADRNL,TRNSCRPT;ADRNL;ENSRNOG00000017817
2,TRNSCRPT,ENSRNOG00000017851,ADRNL,TRNSCRPT;ADRNL;ENSRNOG00000017851
4,TRNSCRPT,ENSRNOG00000017955,ADRNL,TRNSCRPT;ADRNL;ENSRNOG00000017955
2,TRNSCRPT,ENSRNOG00000017965,ADRNL,TRNSCRPT;ADRNL;ENSRNOG00000017965
2,TRNSCRPT,ENSRNOG00000017988,ADRNL,TRNSCRPT;ADRNL;ENSRNOG00000017988
4,TRNSCRPT,ENSRNOG00000018042,ADRNL,TRNSCRPT;ADRNL;ENSRNOG00000018042
4,TRNSCRPT,ENSRNOG00000018044,ADRNL,TRNSCRPT;ADRNL;ENSRNOG00000018044
2,TRNSCRPT,ENSRNOG00000018057,ADRNL,TRNSCRPT;ADRNL;ENSRNOG00000018057
2,TRNSCRPT,ENSRNOG00000018102,ADRNL,TRNSCRPT;ADRNL;ENSRNOG00000018102
2,TRNSCRPT,ENSRNOG00000018114,ADRNL,TRNSCRPT;ADRNL;ENSRNOG00000018114
2,TRNSCRPT,ENSRNOG00000018117,ADRNL,TRNSCRPT;ADRNL;ENSRNOG00000018117
2,TRNSCRPT,ENSRNOG00000018129,ADRNL,TRNSCRPT;ADRNL;ENSRNOG00000018129
2,TRNSCRPT,ENSRNOG00000018143,ADRNL,TRNSCRPT;ADRNL;ENSRNOG00000018143
2,TRNSCRPT,ENSRNOG00000018145,ADRNL,TRNSCRPT;ADRNL;ENSRNOG00000018145
4,TRNSCRPT,ENSRNOG00000018239,ADRNL,TRNSCRPT;ADRNL;ENSRNOG00000018239
2,TRNSCRPT,ENSRNOG00000018281,ADRNL,TRNSCRPT;ADRNL;ENSRNOG00000018281
2,TRNSCRPT,ENSRNOG00000018343,ADRNL,TRNSCRPT;ADRNL;ENSRNOG00000018343
4,TRNSCRPT,ENSRNOG00000018415,ADRNL,TRNSCRPT;ADRNL;ENSRNOG00000018415
4,TRNSCRPT,ENSRNOG00000018522,ADRNL,TRNSCRPT;ADRNL;ENSRNOG00000018522
4,TRNSCRPT,ENSRNOG00000018569,ADRNL,TRNSCRPT;ADRNL;ENSRNOG00000018569
4,TRNSCRPT,ENSRNOG00000018604,ADRNL,TRNSCRPT;ADRNL;ENSRNOG00000018604
2,TRNSCRPT,ENSRNOG00000018647,ADRNL,TRNSCRPT;ADRNL;ENSRNOG00000018647
2,TRNSCRPT,ENSRNOG00000018816,ADRNL,TRNSCRPT;ADRNL;ENSRNOG00000018816
4,TRNSCRPT,ENSRNOG00000019223,ADRNL,TRNSCRPT;ADRNL;ENSRNOG00000019223
2,TRNSCRPT,ENSRNOG00000019277,ADRNL,TRNSCRPT;ADRNL;ENSRNOG00000019277
2,TRNSCRPT,ENSRNOG00000019372,ADRNL,TRNSCRPT;ADRNL;ENSRNOG00000019372
2,TRNSCRPT,ENSRNOG00000019428,ADRNL,TRNSCRPT;ADRNL;ENSRNOG00000019428
4,TRNSCRPT,ENSRNOG00000019485,ADRNL,TRNSCRPT;ADRNL;ENSRNOG00000019485
4,TRNSCRPT,ENSRNOG00000019501,ADRNL,TRNSCRPT;ADRNL;ENSRNOG00000019501
2,TRNSCRPT,ENSRNOG00000019693,ADRNL,TRNSCRPT;ADRNL;ENSRNOG00000019693
2,TRNSCRPT,ENSRNOG00000019811,ADRNL,TRNSCRPT;ADRNL;ENSRNOG00000019811
4,TRNSCRPT,ENSRNOG00000019970,ADRNL,TRNSCRPT;ADRNL;ENSRNOG00000019970
4,TRNSCRPT,ENSRNOG00000020029,ADRNL,TRNSCRPT;ADRNL;ENSRNOG00000020029
2,TRNSCRPT,ENSRNOG00000020288,ADRNL,TRNSCRPT;ADRNL;ENSRNOG00000020288
2,TRNSCRPT,ENSRNOG00000020308,ADRNL,TRNSCRPT;ADRNL;ENSRNOG00000020308
4,TRNSCRPT,ENSRNOG00000020345,ADRNL,TRNSCRPT;ADRNL;ENSRNOG00000020345
2,TRNSCRPT,ENSRNOG00000020602,ADRNL,TRNSCRPT;ADRNL;ENSRNOG00000020602
4,TRNSCRPT,ENSRNOG00000020624,ADRNL,TRNSCRPT;ADRNL;ENSRNOG00000020624
2,TRNSCRPT,ENSRNOG00000020642,ADRNL,TRNSCRPT;ADRNL;ENSRNOG00000020642
4,TRNSCRPT,ENSRNOG00000020646,ADRNL,TRNSCRPT;ADRNL;ENSRNOG00000020646
2,TRNSCRPT,ENSRNOG00000020659,ADRNL,TRNSCRPT;ADRNL;ENSRNOG00000020659
2,TRNSCRPT,ENSRNOG00000020829,ADRNL,TRNSCRPT;ADRNL;ENSRNOG00000020829
4,TRNSCRPT,ENSRNOG00000020994,ADRNL,TRNSCRPT;ADRNL;ENSRNOG00000020994
4,TRNSCRPT,ENSRNOG00000021096,ADRNL,TRNSCRPT;ADRNL;ENSRNOG00000021096
4,TRNSCRPT,ENSRNOG00000021125,ADRNL,TRNSCRPT;ADRNL;ENSRNOG00000021125
4,TRNSCRPT,ENSRNOG00000021174,ADRNL,TRNSCRPT;ADRNL;ENSRNOG00000021174
2,TRNSCRPT,ENSRNOG00000021177,ADRNL,TRNSCRPT;ADRNL;ENSRNOG00000021177
2,TRNSCRPT,ENSRNOG00000021273,ADRNL,TRNSCRPT;ADRNL;ENSRNOG00000021273
4,TRNSCRPT,ENSRNOG00000021866,ADRNL,TRNSCRPT;ADRNL;ENSRNOG00000021866
4,TRNSCRPT,ENSRNOG00000022323,ADRNL,TRNSCRPT;ADRNL;ENSRNOG00000022323
4,TRNSCRPT,ENSRNOG00000022748,ADRNL,TRNSCRPT;ADRNL;ENSRNOG00000022748
4,TRNSCRPT,ENSRNOG00000022932,ADRNL,TRNSCRPT;ADRNL;ENSRNOG00000022932
2,TRNSCRPT,ENSRNOG00000022980,ADRNL,TRNSCRPT;ADRNL;ENSRNOG00000022980
4,TRNSCRPT,ENSRNOG00000023122,ADRNL,TRNSCRPT;ADRNL;ENSRNOG00000023122
3,TRNSCRPT,ENSRNOG00000023130,ADRNL,TRNSCRPT;ADRNL;ENSRNOG00000023130
2,TRNSCRPT,ENSRNOG00000023520,ADRNL,TRNSCRPT;ADRNL;ENSRNOG00000023520
2,TRNSCRPT,ENSRNOG00000023538,ADRNL,TRNSCRPT;ADRNL;ENSRNOG00000023538
2,TRNSCRPT,ENSRNOG00000024128,ADRNL,TRNSCRPT;ADRNL;ENSRNOG00000024128
2,TRNSCRPT,ENSRNOG00000024309,ADRNL,TRNSCRPT;ADRNL;ENSRNOG00000024309
4,TRNSCRPT,ENSRNOG00000024411,ADRNL,TRNSCRPT;ADRNL;ENSRNOG00000024411
2,TRNSCRPT,ENSRNOG00000024539,ADRNL,TRNSCRPT;ADRNL;ENSRNOG00000024539
2,TRNSCRPT,ENSRNOG00000024568,ADRNL,TRNSCRPT;ADRNL;ENSRNOG00000024568
2,TRNSCRPT,ENSRNOG00000024629,ADRNL,TRNSCRPT;ADRNL;ENSRNOG00000024629
4,TRNSCRPT,ENSRNOG00000024845,ADRNL,TRNSCRPT;ADRNL;ENSRNOG00000024845
2,TRNSCRPT,ENSRNOG00000024967,ADRNL,TRNSCRPT;ADRNL;ENSRNOG00000024967
2,TRNSCRPT,ENSRNOG00000024972,ADRNL,TRNSCRPT;ADRNL;ENSRNOG00000024972
4,TRNSCRPT,ENSRNOG00000025145,ADRNL,TRNSCRPT;ADRNL;ENSRNOG00000025145
2,TRNSCRPT,ENSRNOG00000025383,ADRNL,TRNSCRPT;ADRNL;ENSRNOG00000025383
2,TRNSCRPT,ENSRNOG00000025910,ADRNL,TRNSCRPT;ADRNL;ENSRNOG00000025910
2,TRNSCRPT,ENSRNOG00000026049,ADRNL,TRNSCRPT;ADRNL;ENSRNOG00000026049
2,TRNSCRPT,ENSRNOG00000026616,ADRNL,TRNSCRPT;ADRNL;ENSRNOG00000026616
2,TRNSCRPT,ENSRNOG00000026646,ADRNL,TRNSCRPT;ADRNL;ENSRNOG00000026646
2,TRNSCRPT,ENSRNOG00000027049,ADRNL,TRNSCRPT;ADRNL;ENSRNOG00000027049
4,TRNSCRPT,ENSRNOG00000027797,ADRNL,TRNSCRPT;ADRNL;ENSRNOG00000027797
2,TRNSCRPT,ENSRNOG00000028047,ADRNL,TRNSCRPT;ADRNL;ENSRNOG00000028047
4,TRNSCRPT,ENSRNOG00000028557,ADRNL,TRNSCRPT;ADRNL;ENSRNOG00000028557
2,TRNSCRPT,ENSRNOG00000028717,ADRNL,TRNSCRPT;ADRNL;ENSRNOG00000028717
2,TRNSCRPT,ENSRNOG00000028884,ADRNL,TRNSCRPT;ADRNL;ENSRNOG00000028884
4,TRNSCRPT,ENSRNOG00000029042,ADRNL,TRNSCRPT;ADRNL;ENSRNOG00000029042
4,TRNSCRPT,ENSRNOG00000029330,ADRNL,TRNSCRPT;ADRNL;ENSRNOG00000029330
4,TRNSCRPT,ENSRNOG00000029333,ADRNL,TRNSCRPT;ADRNL;ENSRNOG00000029333
4,TRNSCRPT,ENSRNOG00000029501,ADRNL,TRNSCRPT;ADRNL;ENSRNOG00000029501
2,TRNSCRPT,ENSRNOG00000029549,ADRNL,TRNSCRPT;ADRNL;ENSRNOG00000029549
4,TRNSCRPT,ENSRNOG00000029571,ADRNL,TRNSCRPT;ADRNL;ENSRNOG00000029571
4,TRNSCRPT,ENSRNOG00000029707,ADRNL,TRNSCRPT;ADRNL;ENSRNOG00000029707
2,TRNSCRPT,ENSRNOG00000029855,ADRNL,TRNSCRPT;ADRNL;ENSRNOG00000029855
4,TRNSCRPT,ENSRNOG00000029886,ADRNL,TRNSCRPT;ADRNL;ENSRNOG00000029886
4,TRNSCRPT,ENSRNOG00000029971,ADRNL,TRNSCRPT;ADRNL;ENSRNOG00000029971
2,TRNSCRPT,ENSRNOG00000030225,ADRNL,TRNSCRPT;ADRNL;ENSRNOG00000030225
2,TRNSCRPT,ENSRNOG00000030237,ADRNL,TRNSCRPT;ADRNL;ENSRNOG00000030237
4,TRNSCRPT,ENSRNOG00000030371,ADRNL,TRNSCRPT;ADRNL;ENSRNOG00000030371
4,TRNSCRPT,ENSRNOG00000030616,ADRNL,TRNSCRPT;ADRNL;ENSRNOG00000030616
4,TRNSCRPT,ENSRNOG00000030644,ADRNL,TRNSCRPT;ADRNL;ENSRNOG00000030644
2,TRNSCRPT,ENSRNOG00000030807,ADRNL,TRNSCRPT;ADRNL;ENSRNOG00000030807
4,TRNSCRPT,ENSRNOG00000031033,ADRNL,TRNSCRPT;ADRNL;ENSRNOG00000031033
4,TRNSCRPT,ENSRNOG00000031053,ADRNL,TRNSCRPT;ADRNL;ENSRNOG00000031053
4,TRNSCRPT,ENSRNOG00000031211,ADRNL,TRNSCRPT;ADRNL;ENSRNOG00000031211
4,TRNSCRPT,ENSRNOG00000031979,ADRNL,TRNSCRPT;ADRNL;ENSRNOG00000031979
2,TRNSCRPT,ENSRNOG00000032134,ADRNL,TRNSCRPT;ADRNL;ENSRNOG00000032134
2,TRNSCRPT,ENSRNOG00000032204,ADRNL,TRNSCRPT;ADRNL;ENSRNOG00000032204
2,TRNSCRPT,ENSRNOG00000032885,ADRNL,TRNSCRPT;ADRNL;ENSRNOG00000032885
4,TRNSCRPT,ENSRNOG00000032908,ADRNL,TRNSCRPT;ADRNL;ENSRNOG00000032908
4,TRNSCRPT,ENSRNOG00000033299,ADRNL,TRNSCRPT;ADRNL;ENSRNOG00000033299
4,TRNSCRPT,ENSRNOG00000033615,ADRNL,TRNSCRPT;ADRNL;ENSRNOG00000033615
4,TRNSCRPT,ENSRNOG00000033680,ADRNL,TRNSCRPT;ADRNL;ENSRNOG00000033680
2,TRNSCRPT,ENSRNOG00000033824,ADRNL,TRNSCRPT;ADRNL;ENSRNOG00000033824
2,TRNSCRPT,ENSRNOG00000034013,ADRNL,TRNSCRPT;ADRNL;ENSRNOG00000034013
2,TRNSCRPT,ENSRNOG00000034161,ADRNL,TRNSCRPT;ADRNL;ENSRNOG00000034161
4,TRNSCRPT,ENSRNOG00000034234,ADRNL,TRNSCRPT;ADRNL;ENSRNOG00000034234
2,TRNSCRPT,ENSRNOG00000036695,ADRNL,TRNSCRPT;ADRNL;ENSRNOG00000036695
2,TRNSCRPT,ENSRNOG00000036742,ADRNL,TRNSCRPT;ADRNL;ENSRNOG00000036742
2,TRNSCRPT,ENSRNOG00000036918,ADRNL,TRNSCRPT;ADRNL;ENSRNOG00000036918
4,TRNSCRPT,ENSRNOG00000037446,ADRNL,TRNSCRPT;ADRNL;ENSRNOG00000037446
2,TRNSCRPT,ENSRNOG00000037638,ADRNL,TRNSCRPT;ADRNL;ENSRNOG00000037638
4,TRNSCRPT,ENSRNOG00000037815,ADRNL,TRNSCRPT;ADRNL;ENSRNOG00000037815
4,TRNSCRPT,ENSRNOG00000037850,ADRNL,TRNSCRPT;ADRNL;ENSRNOG00000037850
2,TRNSCRPT,ENSRNOG00000037871,ADRNL,TRNSCRPT;ADRNL;ENSRNOG00000037871
4,TRNSCRPT,ENSRNOG00000038001,ADRNL,TRNSCRPT;ADRNL;ENSRNOG00000038001
2,TRNSCRPT,ENSRNOG00000038218,ADRNL,TRNSCRPT;ADRNL;ENSRNOG00000038218
2,TRNSCRPT,ENSRNOG00000038372,ADRNL,TRNSCRPT;ADRNL;ENSRNOG00000038372
2,TRNSCRPT,ENSRNOG00000038951,ADRNL,TRNSCRPT;ADRNL;ENSRNOG00000038951
4,TRNSCRPT,ENSRNOG00000039091,ADRNL,TRNSCRPT;ADRNL;ENSRNOG00000039091
2,TRNSCRPT,ENSRNOG00000039278,ADRNL,TRNSCRPT;ADRNL;ENSRNOG00000039278
2,TRNSCRPT,ENSRNOG00000039980,ADRNL,TRNSCRPT;ADRNL;ENSRNOG00000039980
2,TRNSCRPT,ENSRNOG00000042503,ADRNL,TRNSCRPT;ADRNL;ENSRNOG00000042503
4,TRNSCRPT,ENSRNOG00000042653,ADRNL,TRNSCRPT;ADRNL;ENSRNOG00000042653
4,TRNSCRPT,ENSRNOG00000042696,ADRNL,TRNSCRPT;ADRNL;ENSRNOG00000042696
2,TRNSCRPT,ENSRNOG00000042740,ADRNL,TRNSCRPT;ADRNL;ENSRNOG00000042740
2,TRNSCRPT,ENSRNOG00000042903,ADRNL,TRNSCRPT;ADRNL;ENSRNOG00000042903
4,TRNSCRPT,ENSRNOG00000043094,ADRNL,TRNSCRPT;ADRNL;ENSRNOG00000043094
4,TRNSCRPT,ENSRNOG00000043201,ADRNL,TRNSCRPT;ADRNL;ENSRNOG00000043201
4,TRNSCRPT,ENSRNOG00000043426,ADRNL,TRNSCRPT;ADRNL;ENSRNOG00000043426
2,TRNSCRPT,ENSRNOG00000043436,ADRNL,TRNSCRPT;ADRNL;ENSRNOG00000043436
4,TRNSCRPT,ENSRNOG00000045636,ADRNL,TRNSCRPT;ADRNL;ENSRNOG00000045636
2,TRNSCRPT,ENSRNOG00000045765,ADRNL,TRNSCRPT;ADRNL;ENSRNOG00000045765
2,TRNSCRPT,ENSRNOG00000045920,ADRNL,TRNSCRPT;ADRNL;ENSRNOG00000045920
4,TRNSCRPT,ENSRNOG00000045961,ADRNL,TRNSCRPT;ADRNL;ENSRNOG00000045961
4,TRNSCRPT,ENSRNOG00000046299,ADRNL,TRNSCRPT;ADRNL;ENSRNOG00000046299
4,TRNSCRPT,ENSRNOG00000046307,ADRNL,TRNSCRPT;ADRNL;ENSRNOG00000046307
2,TRNSCRPT,ENSRNOG00000046424,ADRNL,TRNSCRPT;ADRNL;ENSRNOG00000046424
2,TRNSCRPT,ENSRNOG00000046644,ADRNL,TRNSCRPT;ADRNL;ENSRNOG00000046644
2,TRNSCRPT,ENSRNOG00000046889,ADRNL,TRNSCRPT;ADRNL;ENSRNOG00000046889
4,TRNSCRPT,ENSRNOG00000046918,ADRNL,TRNSCRPT;ADRNL;ENSRNOG00000046918
2,TRNSCRPT,ENSRNOG00000047045,ADRNL,TRNSCRPT;ADRNL;ENSRNOG00000047045
4,TRNSCRPT,ENSRNOG00000047089,ADRNL,TRNSCRPT;ADRNL;ENSRNOG00000047089
4,TRNSCRPT,ENSRNOG00000047708,ADRNL,TRNSCRPT;ADRNL;ENSRNOG00000047708
4,TRNSCRPT,ENSRNOG00000047781,ADRNL,TRNSCRPT;ADRNL;ENSRNOG00000047781
2,TRNSCRPT,ENSRNOG00000048174,ADRNL,TRNSCRPT;ADRNL;ENSRNOG00000048174
2,TRNSCRPT,ENSRNOG00000048309,ADRNL,TRNSCRPT;ADRNL;ENSRNOG00000048309
2,TRNSCRPT,ENSRNOG00000048320,ADRNL,TRNSCRPT;ADRNL;ENSRNOG00000048320
4,TRNSCRPT,ENSRNOG00000049351,ADRNL,TRNSCRPT;ADRNL;ENSRNOG00000049351
4,TRNSCRPT,ENSRNOG00000049819,ADRNL,TRNSCRPT;ADRNL;ENSRNOG00000049819
2,TRNSCRPT,ENSRNOG00000049912,ADRNL,TRNSCRPT;ADRNL;ENSRNOG00000049912
2,TRNSCRPT,ENSRNOG00000050169,ADRNL,TRNSCRPT;ADRNL;ENSRNOG00000050169
2,TRNSCRPT,ENSRNOG00000050424,ADRNL,TRNSCRPT;ADRNL;ENSRNOG00000050424
4,TRNSCRPT,ENSRNOG00000050843,ADRNL,TRNSCRPT;ADRNL;ENSRNOG00000050843
2,TRNSCRPT,ENSRNOG00000051286,ADRNL,TRNSCRPT;ADRNL;ENSRNOG00000051286
2,TRNSCRPT,ENSRNOG00000052226,ADRNL,TRNSCRPT;ADRNL;ENSRNOG00000052226
2,TRNSCRPT,ENSRNOG00000052477,ADRNL,TRNSCRPT;ADRNL;ENSRNOG00000052477
4,TRNSCRPT,ENSRNOG00000052506,ADRNL,TRNSCRPT;ADRNL;ENSRNOG00000052506
4,TRNSCRPT,ENSRNOG00000053145,ADRNL,TRNSCRPT;ADRNL;ENSRNOG00000053145
4,TRNSCRPT,ENSRNOG00000053231,ADRNL,TRNSCRPT;ADRNL;ENSRNOG00000053231
2,TRNSCRPT,ENSRNOG00000054689,ADRNL,TRNSCRPT;ADRNL;ENSRNOG00000054689
2,TRNSCRPT,ENSRNOG00000055572,ADRNL,TRNSCRPT;ADRNL;ENSRNOG00000055572
4,TRNSCRPT,ENSRNOG00000055647,ADRNL,TRNSCRPT;ADRNL;ENSRNOG00000055647
2,TRNSCRPT,ENSRNOG00000057042,ADRNL,TRNSCRPT;ADRNL;ENSRNOG00000057042
2,TRNSCRPT,ENSRNOG00000057367,ADRNL,TRNSCRPT;ADRNL;ENSRNOG00000057367
4,TRNSCRPT,ENSRNOG00000058271,ADRNL,TRNSCRPT;ADRNL;ENSRNOG00000058271
2,TRNSCRPT,ENSRNOG00000058658,ADRNL,TRNSCRPT;ADRNL;ENSRNOG00000058658
4,TRNSCRPT,ENSRNOG00000059061,ADRNL,TRNSCRPT;ADRNL;ENSRNOG00000059061
2,TRNSCRPT,ENSRNOG00000059445,ADRNL,TRNSCRPT;ADRNL;ENSRNOG00000059445
4,TRNSCRPT,ENSRNOG00000060248,ADRNL,TRNSCRPT;ADRNL;ENSRNOG00000060248
2,TRNSCRPT,ENSRNOG00000060293,ADRNL,TRNSCRPT;ADRNL;ENSRNOG00000060293
2,TRNSCRPT,ENSRNOG00000061213,ADRNL,TRNSCRPT;ADRNL;ENSRNOG00000061213
2,TRNSCRPT,ENSRNOG00000061684,ADRNL,TRNSCRPT;ADRNL;ENSRNOG00000061684
3,TRNSCRPT,ENSRNOG00000007235,SKM-GN,TRNSCRPT;SKM-GN;ENSRNOG00000007235
3,TRNSCRPT,ENSRNOG00000017955,SKM-GN,TRNSCRPT;SKM-GN;ENSRNOG00000017955
3,TRNSCRPT,ENSRNOG00000019485,SKM-GN,TRNSCRPT;SKM-GN;ENSRNOG00000019485
3,TRNSCRPT,ENSRNOG00000029971,SKM-GN,TRNSCRPT;SKM-GN;ENSRNOG00000029971
3,TRNSCRPT,ENSRNOG00000030644,SKM-GN,TRNSCRPT;SKM-GN;ENSRNOG00000030644
3,TRNSCRPT,ENSRNOG00000030700,SKM-GN,TRNSCRPT;SKM-GN;ENSRNOG00000030700
3,TRNSCRPT,ENSRNOG00000031033,SKM-GN,TRNSCRPT;SKM-GN;ENSRNOG00000031033
3,TRNSCRPT,ENSRNOG00000031766,SKM-GN,TRNSCRPT;SKM-GN;ENSRNOG00000031766
3,TRNSCRPT,ENSRNOG00000031979,SKM-GN,TRNSCRPT;SKM-GN;ENSRNOG00000031979
3,TRNSCRPT,ENSRNOG00000034234,SKM-GN,TRNSCRPT;SKM-GN;ENSRNOG00000034234
3,TRNSCRPT,ENSRNOG00000042903,SKM-GN,TRNSCRPT;SKM-GN;ENSRNOG00000042903
3,TRNSCRPT,ENSRNOG00000000279,SKM-VL,TRNSCRPT;SKM-VL;ENSRNOG00000000279
3,TRNSCRPT,ENSRNOG00000000701,SKM-VL,TRNSCRPT;SKM-VL;ENSRNOG00000000701
1,TRNSCRPT,ENSRNOG00000001052,SKM-VL,TRNSCRPT;SKM-VL;ENSRNOG00000001052
2,TRNSCRPT,ENSRNOG00000001344,SKM-VL,TRNSCRPT;SKM-VL;ENSRNOG00000001344
3,TRNSCRPT,ENSRNOG00000001551,SKM-VL,TRNSCRPT;SKM-VL;ENSRNOG00000001551
3,TRNSCRPT,ENSRNOG00000001596,SKM-VL,TRNSCRPT;SKM-VL;ENSRNOG00000001596
3,TRNSCRPT,ENSRNOG00000001991,SKM-VL,TRNSCRPT;SKM-VL;ENSRNOG00000001991
3,TRNSCRPT,ENSRNOG00000002721,SKM-VL,TRNSCRPT;SKM-VL;ENSRNOG00000002721
3,TRNSCRPT,ENSRNOG00000003150,SKM-VL,TRNSCRPT;SKM-VL;ENSRNOG00000003150
3,TRNSCRPT,ENSRNOG00000003520,SKM-VL,TRNSCRPT;SKM-VL;ENSRNOG00000003520
3,TRNSCRPT,ENSRNOG00000003626,SKM-VL,TRNSCRPT;SKM-VL;ENSRNOG00000003626
3,TRNSCRPT,ENSRNOG00000004245,SKM-VL,TRNSCRPT;SKM-VL;ENSRNOG00000004245
3,TRNSCRPT,ENSRNOG00000004442,SKM-VL,TRNSCRPT;SKM-VL;ENSRNOG00000004442
3,TRNSCRPT,ENSRNOG00000005061,SKM-VL,TRNSCRPT;SKM-VL;ENSRNOG00000005061
3,TRNSCRPT,ENSRNOG00000005512,SKM-VL,TRNSCRPT;SKM-VL;ENSRNOG00000005512
3,TRNSCRPT,ENSRNOG00000005698,SKM-VL,TRNSCRPT;SKM-VL;ENSRNOG00000005698
3,TRNSCRPT,ENSRNOG00000006364,SKM-VL,TRNSCRPT;SKM-VL;ENSRNOG00000006364
3,TRNSCRPT,ENSRNOG00000006947,SKM-VL,TRNSCRPT;SKM-VL;ENSRNOG00000006947
2,TRNSCRPT,ENSRNOG00000007069,SKM-VL,TRNSCRPT;SKM-VL;ENSRNOG00000007069
3,TRNSCRPT,ENSRNOG00000007235,SKM-VL,TRNSCRPT;SKM-VL;ENSRNOG00000007235
3,TRNSCRPT,ENSRNOG00000007316,SKM-VL,TRNSCRPT;SKM-VL;ENSRNOG00000007316
3,TRNSCRPT,ENSRNOG00000007407,SKM-VL,TRNSCRPT;SKM-VL;ENSRNOG00000007407
3,TRNSCRPT,ENSRNOG00000007895,SKM-VL,TRNSCRPT;SKM-VL;ENSRNOG00000007895
3,TRNSCRPT,ENSRNOG00000007967,SKM-VL,TRNSCRPT;SKM-VL;ENSRNOG00000007967
3,TRNSCRPT,ENSRNOG00000008289,SKM-VL,TRNSCRPT;SKM-VL;ENSRNOG00000008289
3,TRNSCRPT,ENSRNOG00000008569,SKM-VL,TRNSCRPT;SKM-VL;ENSRNOG00000008569
3,TRNSCRPT,ENSRNOG00000008934,SKM-VL,TRNSCRPT;SKM-VL;ENSRNOG00000008934
3,TRNSCRPT,ENSRNOG00000009063,SKM-VL,TRNSCRPT;SKM-VL;ENSRNOG00000009063
3,TRNSCRPT,ENSRNOG00000009364,SKM-VL,TRNSCRPT;SKM-VL;ENSRNOG00000009364
3,TRNSCRPT,ENSRNOG00000009974,SKM-VL,TRNSCRPT;SKM-VL;ENSRNOG00000009974
3,TRNSCRPT,ENSRNOG00000010452,SKM-VL,TRNSCRPT;SKM-VL;ENSRNOG00000010452
3,TRNSCRPT,ENSRNOG00000010633,SKM-VL,TRNSCRPT;SKM-VL;ENSRNOG00000010633
3,TRNSCRPT,ENSRNOG00000010807,SKM-VL,TRNSCRPT;SKM-VL;ENSRNOG00000010807
3,TRNSCRPT,ENSRNOG00000011383,SKM-VL,TRNSCRPT;SKM-VL;ENSRNOG00000011383
3,TRNSCRPT,ENSRNOG00000011782,SKM-VL,TRNSCRPT;SKM-VL;ENSRNOG00000011782
3,TRNSCRPT,ENSRNOG00000011949,SKM-VL,TRNSCRPT;SKM-VL;ENSRNOG00000011949
3,TRNSCRPT,ENSRNOG00000011952,SKM-VL,TRNSCRPT;SKM-VL;ENSRNOG00000011952
3,TRNSCRPT,ENSRNOG00000012383,SKM-VL,TRNSCRPT;SKM-VL;ENSRNOG00000012383
3,TRNSCRPT,ENSRNOG00000012415,SKM-VL,TRNSCRPT;SKM-VL;ENSRNOG00000012415
3,TRNSCRPT,ENSRNOG00000013211,SKM-VL,TRNSCRPT;SKM-VL;ENSRNOG00000013211
3,TRNSCRPT,ENSRNOG00000013949,SKM-VL,TRNSCRPT;SKM-VL;ENSRNOG00000013949
3,TRNSCRPT,ENSRNOG00000013961,SKM-VL,TRNSCRPT;SKM-VL;ENSRNOG00000013961
3,TRNSCRPT,ENSRNOG00000014078,SKM-VL,TRNSCRPT;SKM-VL;ENSRNOG00000014078
3,TRNSCRPT,ENSRNOG00000014568,SKM-VL,TRNSCRPT;SKM-VL;ENSRNOG00000014568
3,TRNSCRPT,ENSRNOG00000014625,SKM-VL,TRNSCRPT;SKM-VL;ENSRNOG00000014625
3,TRNSCRPT,ENSRNOG00000015233,SKM-VL,TRNSCRPT;SKM-VL;ENSRNOG00000015233
3,TRNSCRPT,ENSRNOG00000016000,SKM-VL,TRNSCRPT;SKM-VL;ENSRNOG00000016000
3,TRNSCRPT,ENSRNOG00000016033,SKM-VL,TRNSCRPT;SKM-VL;ENSRNOG00000016033
3,TRNSCRPT,ENSRNOG00000016190,SKM-VL,TRNSCRPT;SKM-VL;ENSRNOG00000016190
3,TRNSCRPT,ENSRNOG00000016327,SKM-VL,TRNSCRPT;SKM-VL;ENSRNOG00000016327
3,TRNSCRPT,ENSRNOG00000016660,SKM-VL,TRNSCRPT;SKM-VL;ENSRNOG00000016660
3,TRNSCRPT,ENSRNOG00000016740,SKM-VL,TRNSCRPT;SKM-VL;ENSRNOG00000016740
3,TRNSCRPT,ENSRNOG00000017012,SKM-VL,TRNSCRPT;SKM-VL;ENSRNOG00000017012
3,TRNSCRPT,ENSRNOG00000017032,SKM-VL,TRNSCRPT;SKM-VL;ENSRNOG00000017032
3,TRNSCRPT,ENSRNOG00000017446,SKM-VL,TRNSCRPT;SKM-VL;ENSRNOG00000017446
3,TRNSCRPT,ENSRNOG00000017571,SKM-VL,TRNSCRPT;SKM-VL;ENSRNOG00000017571
3,TRNSCRPT,ENSRNOG00000017817,SKM-VL,TRNSCRPT;SKM-VL;ENSRNOG00000017817
3,TRNSCRPT,ENSRNOG00000017851,SKM-VL,TRNSCRPT;SKM-VL;ENSRNOG00000017851
3,TRNSCRPT,ENSRNOG00000017955,SKM-VL,TRNSCRPT;SKM-VL;ENSRNOG00000017955
3,TRNSCRPT,ENSRNOG00000018044,SKM-VL,TRNSCRPT;SKM-VL;ENSRNOG00000018044
3,TRNSCRPT,ENSRNOG00000018102,SKM-VL,TRNSCRPT;SKM-VL;ENSRNOG00000018102
3,TRNSCRPT,ENSRNOG00000018114,SKM-VL,TRNSCRPT;SKM-VL;ENSRNOG00000018114
3,TRNSCRPT,ENSRNOG00000018117,SKM-VL,TRNSCRPT;SKM-VL;ENSRNOG00000018117
3,TRNSCRPT,ENSRNOG00000018129,SKM-VL,TRNSCRPT;SKM-VL;ENSRNOG00000018129
3,TRNSCRPT,ENSRNOG00000018415,SKM-VL,TRNSCRPT;SKM-VL;ENSRNOG00000018415
3,TRNSCRPT,ENSRNOG00000018816,SKM-VL,TRNSCRPT;SKM-VL;ENSRNOG00000018816
3,TRNSCRPT,ENSRNOG00000019048,SKM-VL,TRNSCRPT;SKM-VL;ENSRNOG00000019048
3,TRNSCRPT,ENSRNOG00000019223,SKM-VL,TRNSCRPT;SKM-VL;ENSRNOG00000019223
3,TRNSCRPT,ENSRNOG00000020659,SKM-VL,TRNSCRPT;SKM-VL;ENSRNOG00000020659
2,TRNSCRPT,ENSRNOG00000020956,SKM-VL,TRNSCRPT;SKM-VL;ENSRNOG00000020956
3,TRNSCRPT,ENSRNOG00000021125,SKM-VL,TRNSCRPT;SKM-VL;ENSRNOG00000021125
3,TRNSCRPT,ENSRNOG00000021866,SKM-VL,TRNSCRPT;SKM-VL;ENSRNOG00000021866
3,TRNSCRPT,ENSRNOG00000022748,SKM-VL,TRNSCRPT;SKM-VL;ENSRNOG00000022748
3,TRNSCRPT,ENSRNOG00000022932,SKM-VL,TRNSCRPT;SKM-VL;ENSRNOG00000022932
3,TRNSCRPT,ENSRNOG00000023410,SKM-VL,TRNSCRPT;SKM-VL;ENSRNOG00000023410
3,TRNSCRPT,ENSRNOG00000023520,SKM-VL,TRNSCRPT;SKM-VL;ENSRNOG00000023520
3,TRNSCRPT,ENSRNOG00000024309,SKM-VL,TRNSCRPT;SKM-VL;ENSRNOG00000024309
3,TRNSCRPT,ENSRNOG00000024539,SKM-VL,TRNSCRPT;SKM-VL;ENSRNOG00000024539
3,TRNSCRPT,ENSRNOG00000026646,SKM-VL,TRNSCRPT;SKM-VL;ENSRNOG00000026646
3,TRNSCRPT,ENSRNOG00000026842,SKM-VL,TRNSCRPT;SKM-VL;ENSRNOG00000026842
3,TRNSCRPT,ENSRNOG00000027049,SKM-VL,TRNSCRPT;SKM-VL;ENSRNOG00000027049
3,TRNSCRPT,ENSRNOG00000029042,SKM-VL,TRNSCRPT;SKM-VL;ENSRNOG00000029042
3,TRNSCRPT,ENSRNOG00000029707,SKM-VL,TRNSCRPT;SKM-VL;ENSRNOG00000029707
3,TRNSCRPT,ENSRNOG00000029971,SKM-VL,TRNSCRPT;SKM-VL;ENSRNOG00000029971
3,TRNSCRPT,ENSRNOG00000030371,SKM-VL,TRNSCRPT;SKM-VL;ENSRNOG00000030371
3,TRNSCRPT,ENSRNOG00000030644,SKM-VL,TRNSCRPT;SKM-VL;ENSRNOG00000030644
3,TRNSCRPT,ENSRNOG00000030700,SKM-VL,TRNSCRPT;SKM-VL;ENSRNOG00000030700
3,TRNSCRPT,ENSRNOG00000031033,SKM-VL,TRNSCRPT;SKM-VL;ENSRNOG00000031033
3,TRNSCRPT,ENSRNOG00000031053,SKM-VL,TRNSCRPT;SKM-VL;ENSRNOG00000031053
3,TRNSCRPT,ENSRNOG00000031766,SKM-VL,TRNSCRPT;SKM-VL;ENSRNOG00000031766
3,TRNSCRPT,ENSRNOG00000031979,SKM-VL,TRNSCRPT;SKM-VL;ENSRNOG00000031979
3,TRNSCRPT,ENSRNOG00000032134,SKM-VL,TRNSCRPT;SKM-VL;ENSRNOG00000032134
3,TRNSCRPT,ENSRNOG00000032204,SKM-VL,TRNSCRPT;SKM-VL;ENSRNOG00000032204
3,TRNSCRPT,ENSRNOG00000033299,SKM-VL,TRNSCRPT;SKM-VL;ENSRNOG00000033299
3,TRNSCRPT,ENSRNOG00000033615,SKM-VL,TRNSCRPT;SKM-VL;ENSRNOG00000033615
3,TRNSCRPT,ENSRNOG00000034161,SKM-VL,TRNSCRPT;SKM-VL;ENSRNOG00000034161
3,TRNSCRPT,ENSRNOG00000034234,SKM-VL,TRNSCRPT;SKM-VL;ENSRNOG00000034234
3,TRNSCRPT,ENSRNOG00000036742,SKM-VL,TRNSCRPT;SKM-VL;ENSRNOG00000036742
3,TRNSCRPT,ENSRNOG00000042903,SKM-VL,TRNSCRPT;SKM-VL;ENSRNOG00000042903
3,TRNSCRPT,ENSRNOG00000043094,SKM-VL,TRNSCRPT;SKM-VL;ENSRNOG00000043094
3,TRNSCRPT,ENSRNOG00000043201,SKM-VL,TRNSCRPT;SKM-VL;ENSRNOG00000043201
3,TRNSCRPT,ENSRNOG00000046299,SKM-VL,TRNSCRPT;SKM-VL;ENSRNOG00000046299
3,TRNSCRPT,ENSRNOG00000046889,SKM-VL,TRNSCRPT;SKM-VL;ENSRNOG00000046889
3,TRNSCRPT,ENSRNOG00000048174,SKM-VL,TRNSCRPT;SKM-VL;ENSRNOG00000048174
3,TRNSCRPT,ENSRNOG00000048195,SKM-VL,TRNSCRPT;SKM-VL;ENSRNOG00000048195
3,TRNSCRPT,ENSRNOG00000048309,SKM-VL,TRNSCRPT;SKM-VL;ENSRNOG00000048309
3,TRNSCRPT,ENSRNOG00000049686,SKM-VL,TRNSCRPT;SKM-VL;ENSRNOG00000049686
3,TRNSCRPT,ENSRNOG00000050015,SKM-VL,TRNSCRPT;SKM-VL;ENSRNOG00000050015
3,TRNSCRPT,ENSRNOG00000054689,SKM-VL,TRNSCRPT;SKM-VL;ENSRNOG00000054689
3,TRNSCRPT,ENSRNOG00000055450,SKM-VL,TRNSCRPT;SKM-VL;ENSRNOG00000055450
3,TRNSCRPT,ENSRNOG00000061213,SKM-VL,TRNSCRPT;SKM-VL;ENSRNOG00000061213
3,TRNSCRPT,ENSRNOG00000061684,SKM-VL,TRNSCRPT;SKM-VL;ENSRNOG00000061684
1,TRNSCRPT,ENSRNOG00000000064,BAT,TRNSCRPT;BAT;ENSRNOG00000000064
1,TRNSCRPT,ENSRNOG00000000392,BAT,TRNSCRPT;BAT;ENSRNOG00000000392
1,TRNSCRPT,ENSRNOG00000000466,BAT,TRNSCRPT;BAT;ENSRNOG00000000466
1,TRNSCRPT,ENSRNOG00000000527,BAT,TRNSCRPT;BAT;ENSRNOG00000000527
1,TRNSCRPT,ENSRNOG00000000622,BAT,TRNSCRPT;BAT;ENSRNOG00000000622
1,TRNSCRPT,ENSRNOG00000000701,BAT,TRNSCRPT;BAT;ENSRNOG00000000701
1,TRNSCRPT,ENSRNOG00000001058,BAT,TRNSCRPT;BAT;ENSRNOG00000001058
1,TRNSCRPT,ENSRNOG00000001170,BAT,TRNSCRPT;BAT;ENSRNOG00000001170
1,TRNSCRPT,ENSRNOG00000001171,BAT,TRNSCRPT;BAT;ENSRNOG00000001171
1,TRNSCRPT,ENSRNOG00000001177,BAT,TRNSCRPT;BAT;ENSRNOG00000001177
1,TRNSCRPT,ENSRNOG00000001182,BAT,TRNSCRPT;BAT;ENSRNOG00000001182
1,TRNSCRPT,ENSRNOG00000001211,BAT,TRNSCRPT;BAT;ENSRNOG00000001211
1,TRNSCRPT,ENSRNOG00000001440,BAT,TRNSCRPT;BAT;ENSRNOG00000001440
1,TRNSCRPT,ENSRNOG00000001717,BAT,TRNSCRPT;BAT;ENSRNOG00000001717
1,TRNSCRPT,ENSRNOG00000001842,BAT,TRNSCRPT;BAT;ENSRNOG00000001842
1,TRNSCRPT,ENSRNOG00000001991,BAT,TRNSCRPT;BAT;ENSRNOG00000001991
1,TRNSCRPT,ENSRNOG00000002115,BAT,TRNSCRPT;BAT;ENSRNOG00000002115
1,TRNSCRPT,ENSRNOG00000002368,BAT,TRNSCRPT;BAT;ENSRNOG00000002368
1,TRNSCRPT,ENSRNOG00000002721,BAT,TRNSCRPT;BAT;ENSRNOG00000002721
1,TRNSCRPT,ENSRNOG00000002813,BAT,TRNSCRPT;BAT;ENSRNOG00000002813
1,TRNSCRPT,ENSRNOG00000002840,BAT,TRNSCRPT;BAT;ENSRNOG00000002840
1,TRNSCRPT,ENSRNOG00000002943,BAT,TRNSCRPT;BAT;ENSRNOG00000002943
1,TRNSCRPT,ENSRNOG00000003049,BAT,TRNSCRPT;BAT;ENSRNOG00000003049
1,TRNSCRPT,ENSRNOG00000003150,BAT,TRNSCRPT;BAT;ENSRNOG00000003150
1,TRNSCRPT,ENSRNOG00000003163,BAT,TRNSCRPT;BAT;ENSRNOG00000003163
1,TRNSCRPT,ENSRNOG00000003307,BAT,TRNSCRPT;BAT;ENSRNOG00000003307
1,TRNSCRPT,ENSRNOG00000003520,BAT,TRNSCRPT;BAT;ENSRNOG00000003520
1,TRNSCRPT,ENSRNOG00000003580,BAT,TRNSCRPT;BAT;ENSRNOG00000003580
1,TRNSCRPT,ENSRNOG00000003626,BAT,TRNSCRPT;BAT;ENSRNOG00000003626
1,TRNSCRPT,ENSRNOG00000003653,BAT,TRNSCRPT;BAT;ENSRNOG00000003653
1,TRNSCRPT,ENSRNOG00000003719,BAT,TRNSCRPT;BAT;ENSRNOG00000003719
1,TRNSCRPT,ENSRNOG00000003797,BAT,TRNSCRPT;BAT;ENSRNOG00000003797
1,TRNSCRPT,ENSRNOG00000003855,BAT,TRNSCRPT;BAT;ENSRNOG00000003855
1,TRNSCRPT,ENSRNOG00000003918,BAT,TRNSCRPT;BAT;ENSRNOG00000003918
1,TRNSCRPT,ENSRNOG00000004206,BAT,TRNSCRPT;BAT;ENSRNOG00000004206
4,TRNSCRPT,ENSRNOG00000004273,BAT,TRNSCRPT;BAT;ENSRNOG00000004273
1,TRNSCRPT,ENSRNOG00000004448,BAT,TRNSCRPT;BAT;ENSRNOG00000004448
1,TRNSCRPT,ENSRNOG00000004512,BAT,TRNSCRPT;BAT;ENSRNOG00000004512
1,TRNSCRPT,ENSRNOG00000004608,BAT,TRNSCRPT;BAT;ENSRNOG00000004608
1,TRNSCRPT,ENSRNOG00000004857,BAT,TRNSCRPT;BAT;ENSRNOG00000004857
1,TRNSCRPT,ENSRNOG00000005006,BAT,TRNSCRPT;BAT;ENSRNOG00000005006
1,TRNSCRPT,ENSRNOG00000005061,BAT,TRNSCRPT;BAT;ENSRNOG00000005061
1,TRNSCRPT,ENSRNOG00000005130,BAT,TRNSCRPT;BAT;ENSRNOG00000005130
1,TRNSCRPT,ENSRNOG00000005247,BAT,TRNSCRPT;BAT;ENSRNOG00000005247
1,TRNSCRPT,ENSRNOG00000005418,BAT,TRNSCRPT;BAT;ENSRNOG00000005418
1,TRNSCRPT,ENSRNOG00000005512,BAT,TRNSCRPT;BAT;ENSRNOG00000005512
1,TRNSCRPT,ENSRNOG00000005587,BAT,TRNSCRPT;BAT;ENSRNOG00000005587
1,TRNSCRPT,ENSRNOG00000005614,BAT,TRNSCRPT;BAT;ENSRNOG00000005614
1,TRNSCRPT,ENSRNOG00000005618,BAT,TRNSCRPT;BAT;ENSRNOG00000005618
1,TRNSCRPT,ENSRNOG00000005686,BAT,TRNSCRPT;BAT;ENSRNOG00000005686
1,TRNSCRPT,ENSRNOG00000005698,BAT,TRNSCRPT;BAT;ENSRNOG00000005698
1,TRNSCRPT,ENSRNOG00000005877,BAT,TRNSCRPT;BAT;ENSRNOG00000005877
1,TRNSCRPT,ENSRNOG00000005987,BAT,TRNSCRPT;BAT;ENSRNOG00000005987
1,TRNSCRPT,ENSRNOG00000006067,BAT,TRNSCRPT;BAT;ENSRNOG00000006067
1,TRNSCRPT,ENSRNOG00000006364,BAT,TRNSCRPT;BAT;ENSRNOG00000006364
1,TRNSCRPT,ENSRNOG00000006593,BAT,TRNSCRPT;BAT;ENSRNOG00000006593
1,TRNSCRPT,ENSRNOG00000006608,BAT,TRNSCRPT;BAT;ENSRNOG00000006608
1,TRNSCRPT,ENSRNOG00000006858,BAT,TRNSCRPT;BAT;ENSRNOG00000006858
1,TRNSCRPT,ENSRNOG00000006939,BAT,TRNSCRPT;BAT;ENSRNOG00000006939
1,TRNSCRPT,ENSRNOG00000006949,BAT,TRNSCRPT;BAT;ENSRNOG00000006949
1,TRNSCRPT,ENSRNOG00000007040,BAT,TRNSCRPT;BAT;ENSRNOG00000007040
1,TRNSCRPT,ENSRNOG00000007069,BAT,TRNSCRPT;BAT;ENSRNOG00000007069
1,TRNSCRPT,ENSRNOG00000007316,BAT,TRNSCRPT;BAT;ENSRNOG00000007316
1,TRNSCRPT,ENSRNOG00000007407,BAT,TRNSCRPT;BAT;ENSRNOG00000007407
1,TRNSCRPT,ENSRNOG00000007837,BAT,TRNSCRPT;BAT;ENSRNOG00000007837
1,TRNSCRPT,ENSRNOG00000007862,BAT,TRNSCRPT;BAT;ENSRNOG00000007862
1,TRNSCRPT,ENSRNOG00000007895,BAT,TRNSCRPT;BAT;ENSRNOG00000007895
1,TRNSCRPT,ENSRNOG00000007967,BAT,TRNSCRPT;BAT;ENSRNOG00000007967
1,TRNSCRPT,ENSRNOG00000008063,BAT,TRNSCRPT;BAT;ENSRNOG00000008063
1,TRNSCRPT,ENSRNOG00000008236,BAT,TRNSCRPT;BAT;ENSRNOG00000008236
1,TRNSCRPT,ENSRNOG00000008256,BAT,TRNSCRPT;BAT;ENSRNOG00000008256
1,TRNSCRPT,ENSRNOG00000008279,BAT,TRNSCRPT;BAT;ENSRNOG00000008279
1,TRNSCRPT,ENSRNOG00000008329,BAT,TRNSCRPT;BAT;ENSRNOG00000008329
1,TRNSCRPT,ENSRNOG00000008364,BAT,TRNSCRPT;BAT;ENSRNOG00000008364
1,TRNSCRPT,ENSRNOG00000008569,BAT,TRNSCRPT;BAT;ENSRNOG00000008569
1,TRNSCRPT,ENSRNOG00000008843,BAT,TRNSCRPT;BAT;ENSRNOG00000008843
1,TRNSCRPT,ENSRNOG00000009063,BAT,TRNSCRPT;BAT;ENSRNOG00000009063
1,TRNSCRPT,ENSRNOG00000009078,BAT,TRNSCRPT;BAT;ENSRNOG00000009078
1,TRNSCRPT,ENSRNOG00000009097,BAT,TRNSCRPT;BAT;ENSRNOG00000009097
1,TRNSCRPT,ENSRNOG00000009155,BAT,TRNSCRPT;BAT;ENSRNOG00000009155
1,TRNSCRPT,ENSRNOG00000009252,BAT,TRNSCRPT;BAT;ENSRNOG00000009252
1,TRNSCRPT,ENSRNOG00000009364,BAT,TRNSCRPT;BAT;ENSRNOG00000009364
1,TRNSCRPT,ENSRNOG00000009421,BAT,TRNSCRPT;BAT;ENSRNOG00000009421
1,TRNSCRPT,ENSRNOG00000009422,BAT,TRNSCRPT;BAT;ENSRNOG00000009422
1,TRNSCRPT,ENSRNOG00000009535,BAT,TRNSCRPT;BAT;ENSRNOG00000009535
1,TRNSCRPT,ENSRNOG00000009538,BAT,TRNSCRPT;BAT;ENSRNOG00000009538
1,TRNSCRPT,ENSRNOG00000009713,BAT,TRNSCRPT;BAT;ENSRNOG00000009713
1,TRNSCRPT,ENSRNOG00000009845,BAT,TRNSCRPT;BAT;ENSRNOG00000009845
1,TRNSCRPT,ENSRNOG00000009928,BAT,TRNSCRPT;BAT;ENSRNOG00000009928
1,TRNSCRPT,ENSRNOG00000009974,BAT,TRNSCRPT;BAT;ENSRNOG00000009974
1,TRNSCRPT,ENSRNOG00000009994,BAT,TRNSCRPT;BAT;ENSRNOG00000009994
1,TRNSCRPT,ENSRNOG00000010277,BAT,TRNSCRPT;BAT;ENSRNOG00000010277
1,TRNSCRPT,ENSRNOG00000010438,BAT,TRNSCRPT;BAT;ENSRNOG00000010438
1,TRNSCRPT,ENSRNOG00000010452,BAT,TRNSCRPT;BAT;ENSRNOG00000010452
1,TRNSCRPT,ENSRNOG00000010558,BAT,TRNSCRPT;BAT;ENSRNOG00000010558
1,TRNSCRPT,ENSRNOG00000010633,BAT,TRNSCRPT;BAT;ENSRNOG00000010633
1,TRNSCRPT,ENSRNOG00000010697,BAT,TRNSCRPT;BAT;ENSRNOG00000010697
1,TRNSCRPT,ENSRNOG00000010800,BAT,TRNSCRPT;BAT;ENSRNOG00000010800
1,TRNSCRPT,ENSRNOG00000010807,BAT,TRNSCRPT;BAT;ENSRNOG00000010807
1,TRNSCRPT,ENSRNOG00000010940,BAT,TRNSCRPT;BAT;ENSRNOG00000010940
1,TRNSCRPT,ENSRNOG00000010958,BAT,TRNSCRPT;BAT;ENSRNOG00000010958
1,TRNSCRPT,ENSRNOG00000011142,BAT,TRNSCRPT;BAT;ENSRNOG00000011142
1,TRNSCRPT,ENSRNOG00000011164,BAT,TRNSCRPT;BAT;ENSRNOG00000011164
1,TRNSCRPT,ENSRNOG00000011383,BAT,TRNSCRPT;BAT;ENSRNOG00000011383
1,TRNSCRPT,ENSRNOG00000011413,BAT,TRNSCRPT;BAT;ENSRNOG00000011413
1,TRNSCRPT,ENSRNOG00000011419,BAT,TRNSCRPT;BAT;ENSRNOG00000011419
1,TRNSCRPT,ENSRNOG00000011622,BAT,TRNSCRPT;BAT;ENSRNOG00000011622
1,TRNSCRPT,ENSRNOG00000011684,BAT,TRNSCRPT;BAT;ENSRNOG00000011684
1,TRNSCRPT,ENSRNOG00000011690,BAT,TRNSCRPT;BAT;ENSRNOG00000011690
1,TRNSCRPT,ENSRNOG00000011825,BAT,TRNSCRPT;BAT;ENSRNOG00000011825
1,TRNSCRPT,ENSRNOG00000011849,BAT,TRNSCRPT;BAT;ENSRNOG00000011849
1,TRNSCRPT,ENSRNOG00000011929,BAT,TRNSCRPT;BAT;ENSRNOG00000011929
1,TRNSCRPT,ENSRNOG00000011949,BAT,TRNSCRPT;BAT;ENSRNOG00000011949
1,TRNSCRPT,ENSRNOG00000011952,BAT,TRNSCRPT;BAT;ENSRNOG00000011952
1,TRNSCRPT,ENSRNOG00000012091,BAT,TRNSCRPT;BAT;ENSRNOG00000012091
1,TRNSCRPT,ENSRNOG00000012383,BAT,TRNSCRPT;BAT;ENSRNOG00000012383
1,TRNSCRPT,ENSRNOG00000012415,BAT,TRNSCRPT;BAT;ENSRNOG00000012415
1,TRNSCRPT,ENSRNOG00000012443,BAT,TRNSCRPT;BAT;ENSRNOG00000012443
1,TRNSCRPT,ENSRNOG00000012457,BAT,TRNSCRPT;BAT;ENSRNOG00000012457
1,TRNSCRPT,ENSRNOG00000012550,BAT,TRNSCRPT;BAT;ENSRNOG00000012550
1,TRNSCRPT,ENSRNOG00000012650,BAT,TRNSCRPT;BAT;ENSRNOG00000012650
1,TRNSCRPT,ENSRNOG00000012693,BAT,TRNSCRPT;BAT;ENSRNOG00000012693
1,TRNSCRPT,ENSRNOG00000012873,BAT,TRNSCRPT;BAT;ENSRNOG00000012873
1,TRNSCRPT,ENSRNOG00000012966,BAT,TRNSCRPT;BAT;ENSRNOG00000012966
1,TRNSCRPT,ENSRNOG00000013000,BAT,TRNSCRPT;BAT;ENSRNOG00000013000
1,TRNSCRPT,ENSRNOG00000013211,BAT,TRNSCRPT;BAT;ENSRNOG00000013211
3,TRNSCRPT,ENSRNOG00000013300,BAT,TRNSCRPT;BAT;ENSRNOG00000013300
1,TRNSCRPT,ENSRNOG00000013331,BAT,TRNSCRPT;BAT;ENSRNOG00000013331
1,TRNSCRPT,ENSRNOG00000013604,BAT,TRNSCRPT;BAT;ENSRNOG00000013604
1,TRNSCRPT,ENSRNOG00000013766,BAT,TRNSCRPT;BAT;ENSRNOG00000013766
1,TRNSCRPT,ENSRNOG00000013828,BAT,TRNSCRPT;BAT;ENSRNOG00000013828
1,TRNSCRPT,ENSRNOG00000013949,BAT,TRNSCRPT;BAT;ENSRNOG00000013949
1,TRNSCRPT,ENSRNOG00000013961,BAT,TRNSCRPT;BAT;ENSRNOG00000013961
1,TRNSCRPT,ENSRNOG00000014075,BAT,TRNSCRPT;BAT;ENSRNOG00000014075
1,TRNSCRPT,ENSRNOG00000014078,BAT,TRNSCRPT;BAT;ENSRNOG00000014078
1,TRNSCRPT,ENSRNOG00000014128,BAT,TRNSCRPT;BAT;ENSRNOG00000014128
1,TRNSCRPT,ENSRNOG00000014525,BAT,TRNSCRPT;BAT;ENSRNOG00000014525
1,TRNSCRPT,ENSRNOG00000014568,BAT,TRNSCRPT;BAT;ENSRNOG00000014568
1,TRNSCRPT,ENSRNOG00000014625,BAT,TRNSCRPT;BAT;ENSRNOG00000014625
1,TRNSCRPT,ENSRNOG00000014645,BAT,TRNSCRPT;BAT;ENSRNOG00000014645
1,TRNSCRPT,ENSRNOG00000014727,BAT,TRNSCRPT;BAT;ENSRNOG00000014727
1,TRNSCRPT,ENSRNOG00000014743,BAT,TRNSCRPT;BAT;ENSRNOG00000014743
1,TRNSCRPT,ENSRNOG00000015077,BAT,TRNSCRPT;BAT;ENSRNOG00000015077
1,TRNSCRPT,ENSRNOG00000015142,BAT,TRNSCRPT;BAT;ENSRNOG00000015142
1,TRNSCRPT,ENSRNOG00000015150,BAT,TRNSCRPT;BAT;ENSRNOG00000015150
1,TRNSCRPT,ENSRNOG00000015233,BAT,TRNSCRPT;BAT;ENSRNOG00000015233
1,TRNSCRPT,ENSRNOG00000015437,BAT,TRNSCRPT;BAT;ENSRNOG00000015437
3,TRNSCRPT,ENSRNOG00000015582,BAT,TRNSCRPT;BAT;ENSRNOG00000015582
1,TRNSCRPT,ENSRNOG00000015840,BAT,TRNSCRPT;BAT;ENSRNOG00000015840
1,TRNSCRPT,ENSRNOG00000015869,BAT,TRNSCRPT;BAT;ENSRNOG00000015869
1,TRNSCRPT,ENSRNOG00000016000,BAT,TRNSCRPT;BAT;ENSRNOG00000016000
1,TRNSCRPT,ENSRNOG00000016190,BAT,TRNSCRPT;BAT;ENSRNOG00000016190
1,TRNSCRPT,ENSRNOG00000016327,BAT,TRNSCRPT;BAT;ENSRNOG00000016327
1,TRNSCRPT,ENSRNOG00000016470,BAT,TRNSCRPT;BAT;ENSRNOG00000016470
4,TRNSCRPT,ENSRNOG00000016551,BAT,TRNSCRPT;BAT;ENSRNOG00000016551
1,TRNSCRPT,ENSRNOG00000016660,BAT,TRNSCRPT;BAT;ENSRNOG00000016660
1,TRNSCRPT,ENSRNOG00000016692,BAT,TRNSCRPT;BAT;ENSRNOG00000016692
1,TRNSCRPT,ENSRNOG00000016873,BAT,TRNSCRPT;BAT;ENSRNOG00000016873
1,TRNSCRPT,ENSRNOG00000016924,BAT,TRNSCRPT;BAT;ENSRNOG00000016924
1,TRNSCRPT,ENSRNOG00000016952,BAT,TRNSCRPT;BAT;ENSRNOG00000016952
1,TRNSCRPT,ENSRNOG00000017032,BAT,TRNSCRPT;BAT;ENSRNOG00000017032
1,TRNSCRPT,ENSRNOG00000017446,BAT,TRNSCRPT;BAT;ENSRNOG00000017446
1,TRNSCRPT,ENSRNOG00000017481,BAT,TRNSCRPT;BAT;ENSRNOG00000017481
1,TRNSCRPT,ENSRNOG00000017513,BAT,TRNSCRPT;BAT;ENSRNOG00000017513
1,TRNSCRPT,ENSRNOG00000017545,BAT,TRNSCRPT;BAT;ENSRNOG00000017545
1,TRNSCRPT,ENSRNOG00000017571,BAT,TRNSCRPT;BAT;ENSRNOG00000017571
1,TRNSCRPT,ENSRNOG00000017780,BAT,TRNSCRPT;BAT;ENSRNOG00000017780
1,TRNSCRPT,ENSRNOG00000017817,BAT,TRNSCRPT;BAT;ENSRNOG00000017817
1,TRNSCRPT,ENSRNOG00000017851,BAT,TRNSCRPT;BAT;ENSRNOG00000017851
4,TRNSCRPT,ENSRNOG00000017854,BAT,TRNSCRPT;BAT;ENSRNOG00000017854
1,TRNSCRPT,ENSRNOG00000017965,BAT,TRNSCRPT;BAT;ENSRNOG00000017965
1,TRNSCRPT,ENSRNOG00000018044,BAT,TRNSCRPT;BAT;ENSRNOG00000018044
1,TRNSCRPT,ENSRNOG00000018057,BAT,TRNSCRPT;BAT;ENSRNOG00000018057
1,TRNSCRPT,ENSRNOG00000018102,BAT,TRNSCRPT;BAT;ENSRNOG00000018102
1,TRNSCRPT,ENSRNOG00000018114,BAT,TRNSCRPT;BAT;ENSRNOG00000018114
1,TRNSCRPT,ENSRNOG00000018117,BAT,TRNSCRPT;BAT;ENSRNOG00000018117
1,TRNSCRPT,ENSRNOG00000018129,BAT,TRNSCRPT;BAT;ENSRNOG00000018129
3,TRNSCRPT,ENSRNOG00000018279,BAT,TRNSCRPT;BAT;ENSRNOG00000018279
1,TRNSCRPT,ENSRNOG00000018281,BAT,TRNSCRPT;BAT;ENSRNOG00000018281
1,TRNSCRPT,ENSRNOG00000018522,BAT,TRNSCRPT;BAT;ENSRNOG00000018522
1,TRNSCRPT,ENSRNOG00000018569,BAT,TRNSCRPT;BAT;ENSRNOG00000018569
1,TRNSCRPT,ENSRNOG00000018604,BAT,TRNSCRPT;BAT;ENSRNOG00000018604
1,TRNSCRPT,ENSRNOG00000018647,BAT,TRNSCRPT;BAT;ENSRNOG00000018647
1,TRNSCRPT,ENSRNOG00000018816,BAT,TRNSCRPT;BAT;ENSRNOG00000018816
1,TRNSCRPT,ENSRNOG00000019036,BAT,TRNSCRPT;BAT;ENSRNOG00000019036
1,TRNSCRPT,ENSRNOG00000019048,BAT,TRNSCRPT;BAT;ENSRNOG00000019048
1,TRNSCRPT,ENSRNOG00000019223,BAT,TRNSCRPT;BAT;ENSRNOG00000019223
1,TRNSCRPT,ENSRNOG00000019276,BAT,TRNSCRPT;BAT;ENSRNOG00000019276
1,TRNSCRPT,ENSRNOG00000019428,BAT,TRNSCRPT;BAT;ENSRNOG00000019428
1,TRNSCRPT,ENSRNOG00000019497,BAT,TRNSCRPT;BAT;ENSRNOG00000019497
1,TRNSCRPT,ENSRNOG00000019693,BAT,TRNSCRPT;BAT;ENSRNOG00000019693
1,TRNSCRPT,ENSRNOG00000019760,BAT,TRNSCRPT;BAT;ENSRNOG00000019760
1,TRNSCRPT,ENSRNOG00000020288,BAT,TRNSCRPT;BAT;ENSRNOG00000020288
1,TRNSCRPT,ENSRNOG00000020308,BAT,TRNSCRPT;BAT;ENSRNOG00000020308
1,TRNSCRPT,ENSRNOG00000020602,BAT,TRNSCRPT;BAT;ENSRNOG00000020602
1,TRNSCRPT,ENSRNOG00000020607,BAT,TRNSCRPT;BAT;ENSRNOG00000020607
1,TRNSCRPT,ENSRNOG00000020659,BAT,TRNSCRPT;BAT;ENSRNOG00000020659
1,TRNSCRPT,ENSRNOG00000020994,BAT,TRNSCRPT;BAT;ENSRNOG00000020994
1,TRNSCRPT,ENSRNOG00000021096,BAT,TRNSCRPT;BAT;ENSRNOG00000021096
1,TRNSCRPT,ENSRNOG00000021125,BAT,TRNSCRPT;BAT;ENSRNOG00000021125
1,TRNSCRPT,ENSRNOG00000021177,BAT,TRNSCRPT;BAT;ENSRNOG00000021177
1,TRNSCRPT,ENSRNOG00000021273,BAT,TRNSCRPT;BAT;ENSRNOG00000021273
1,TRNSCRPT,ENSRNOG00000021866,BAT,TRNSCRPT;BAT;ENSRNOG00000021866
1,TRNSCRPT,ENSRNOG00000022980,BAT,TRNSCRPT;BAT;ENSRNOG00000022980
4,TRNSCRPT,ENSRNOG00000023410,BAT,TRNSCRPT;BAT;ENSRNOG00000023410
1,TRNSCRPT,ENSRNOG00000023520,BAT,TRNSCRPT;BAT;ENSRNOG00000023520
1,TRNSCRPT,ENSRNOG00000023538,BAT,TRNSCRPT;BAT;ENSRNOG00000023538
1,TRNSCRPT,ENSRNOG00000024128,BAT,TRNSCRPT;BAT;ENSRNOG00000024128
1,TRNSCRPT,ENSRNOG00000024309,BAT,TRNSCRPT;BAT;ENSRNOG00000024309
1,TRNSCRPT,ENSRNOG00000024539,BAT,TRNSCRPT;BAT;ENSRNOG00000024539
1,TRNSCRPT,ENSRNOG00000024568,BAT,TRNSCRPT;BAT;ENSRNOG00000024568
1,TRNSCRPT,ENSRNOG00000024629,BAT,TRNSCRPT;BAT;ENSRNOG00000024629
1,TRNSCRPT,ENSRNOG00000024845,BAT,TRNSCRPT;BAT;ENSRNOG00000024845
1,TRNSCRPT,ENSRNOG00000024967,BAT,TRNSCRPT;BAT;ENSRNOG00000024967
1,TRNSCRPT,ENSRNOG00000025285,BAT,TRNSCRPT;BAT;ENSRNOG00000025285
1,TRNSCRPT,ENSRNOG00000025383,BAT,TRNSCRPT;BAT;ENSRNOG00000025383
1,TRNSCRPT,ENSRNOG00000026616,BAT,TRNSCRPT;BAT;ENSRNOG00000026616
1,TRNSCRPT,ENSRNOG00000026646,BAT,TRNSCRPT;BAT;ENSRNOG00000026646
1,TRNSCRPT,ENSRNOG00000026775,BAT,TRNSCRPT;BAT;ENSRNOG00000026775
1,TRNSCRPT,ENSRNOG00000027049,BAT,TRNSCRPT;BAT;ENSRNOG00000027049
1,TRNSCRPT,ENSRNOG00000028047,BAT,TRNSCRPT;BAT;ENSRNOG00000028047
1,TRNSCRPT,ENSRNOG00000028557,BAT,TRNSCRPT;BAT;ENSRNOG00000028557
1,TRNSCRPT,ENSRNOG00000028717,BAT,TRNSCRPT;BAT;ENSRNOG00000028717
1,TRNSCRPT,ENSRNOG00000028884,BAT,TRNSCRPT;BAT;ENSRNOG00000028884
1,TRNSCRPT,ENSRNOG00000029042,BAT,TRNSCRPT;BAT;ENSRNOG00000029042
1,TRNSCRPT,ENSRNOG00000029333,BAT,TRNSCRPT;BAT;ENSRNOG00000029333
1,TRNSCRPT,ENSRNOG00000029501,BAT,TRNSCRPT;BAT;ENSRNOG00000029501
1,TRNSCRPT,ENSRNOG00000029549,BAT,TRNSCRPT;BAT;ENSRNOG00000029549
1,TRNSCRPT,ENSRNOG00000029707,BAT,TRNSCRPT;BAT;ENSRNOG00000029707
1,TRNSCRPT,ENSRNOG00000029855,BAT,TRNSCRPT;BAT;ENSRNOG00000029855
1,TRNSCRPT,ENSRNOG00000029971,BAT,TRNSCRPT;BAT;ENSRNOG00000029971
1,TRNSCRPT,ENSRNOG00000030237,BAT,TRNSCRPT;BAT;ENSRNOG00000030237
1,TRNSCRPT,ENSRNOG00000030371,BAT,TRNSCRPT;BAT;ENSRNOG00000030371
1,TRNSCRPT,ENSRNOG00000030644,BAT,TRNSCRPT;BAT;ENSRNOG00000030644
1,TRNSCRPT,ENSRNOG00000030700,BAT,TRNSCRPT;BAT;ENSRNOG00000030700
4,TRNSCRPT,ENSRNOG00000030712,BAT,TRNSCRPT;BAT;ENSRNOG00000030712
1,TRNSCRPT,ENSRNOG00000031053,BAT,TRNSCRPT;BAT;ENSRNOG00000031053
1,TRNSCRPT,ENSRNOG00000031211,BAT,TRNSCRPT;BAT;ENSRNOG00000031211
1,TRNSCRPT,ENSRNOG00000031766,BAT,TRNSCRPT;BAT;ENSRNOG00000031766
1,TRNSCRPT,ENSRNOG00000031979,BAT,TRNSCRPT;BAT;ENSRNOG00000031979
1,TRNSCRPT,ENSRNOG00000032134,BAT,TRNSCRPT;BAT;ENSRNOG00000032134
1,TRNSCRPT,ENSRNOG00000032204,BAT,TRNSCRPT;BAT;ENSRNOG00000032204
1,TRNSCRPT,ENSRNOG00000033299,BAT,TRNSCRPT;BAT;ENSRNOG00000033299
1,TRNSCRPT,ENSRNOG00000033615,BAT,TRNSCRPT;BAT;ENSRNOG00000033615
2,TRNSCRPT,ENSRNOG00000033680,BAT,TRNSCRPT;BAT;ENSRNOG00000033680
1,TRNSCRPT,ENSRNOG00000033824,BAT,TRNSCRPT;BAT;ENSRNOG00000033824
1,TRNSCRPT,ENSRNOG00000034234,BAT,TRNSCRPT;BAT;ENSRNOG00000034234
1,TRNSCRPT,ENSRNOG00000036695,BAT,TRNSCRPT;BAT;ENSRNOG00000036695
1,TRNSCRPT,ENSRNOG00000036742,BAT,TRNSCRPT;BAT;ENSRNOG00000036742
1,TRNSCRPT,ENSRNOG00000037638,BAT,TRNSCRPT;BAT;ENSRNOG00000037638
1,TRNSCRPT,ENSRNOG00000037815,BAT,TRNSCRPT;BAT;ENSRNOG00000037815
1,TRNSCRPT,ENSRNOG00000038218,BAT,TRNSCRPT;BAT;ENSRNOG00000038218
1,TRNSCRPT,ENSRNOG00000038372,BAT,TRNSCRPT;BAT;ENSRNOG00000038372
1,TRNSCRPT,ENSRNOG00000038951,BAT,TRNSCRPT;BAT;ENSRNOG00000038951
1,TRNSCRPT,ENSRNOG00000042503,BAT,TRNSCRPT;BAT;ENSRNOG00000042503
1,TRNSCRPT,ENSRNOG00000042696,BAT,TRNSCRPT;BAT;ENSRNOG00000042696
1,TRNSCRPT,ENSRNOG00000042740,BAT,TRNSCRPT;BAT;ENSRNOG00000042740
1,TRNSCRPT,ENSRNOG00000042903,BAT,TRNSCRPT;BAT;ENSRNOG00000042903
1,TRNSCRPT,ENSRNOG00000043377,BAT,TRNSCRPT;BAT;ENSRNOG00000043377
1,TRNSCRPT,ENSRNOG00000045555,BAT,TRNSCRPT;BAT;ENSRNOG00000045555
1,TRNSCRPT,ENSRNOG00000045686,BAT,TRNSCRPT;BAT;ENSRNOG00000045686
1,TRNSCRPT,ENSRNOG00000045765,BAT,TRNSCRPT;BAT;ENSRNOG00000045765
1,TRNSCRPT,ENSRNOG00000046002,BAT,TRNSCRPT;BAT;ENSRNOG00000046002
1,TRNSCRPT,ENSRNOG00000046299,BAT,TRNSCRPT;BAT;ENSRNOG00000046299
1,TRNSCRPT,ENSRNOG00000046424,BAT,TRNSCRPT;BAT;ENSRNOG00000046424
1,TRNSCRPT,ENSRNOG00000046889,BAT,TRNSCRPT;BAT;ENSRNOG00000046889
1,TRNSCRPT,ENSRNOG00000047045,BAT,TRNSCRPT;BAT;ENSRNOG00000047045
4,TRNSCRPT,ENSRNOG00000047606,BAT,TRNSCRPT;BAT;ENSRNOG00000047606
1,TRNSCRPT,ENSRNOG00000048174,BAT,TRNSCRPT;BAT;ENSRNOG00000048174
1,TRNSCRPT,ENSRNOG00000048195,BAT,TRNSCRPT;BAT;ENSRNOG00000048195
1,TRNSCRPT,ENSRNOG00000048309,BAT,TRNSCRPT;BAT;ENSRNOG00000048309
1,TRNSCRPT,ENSRNOG00000048320,BAT,TRNSCRPT;BAT;ENSRNOG00000048320
1,TRNSCRPT,ENSRNOG00000049912,BAT,TRNSCRPT;BAT;ENSRNOG00000049912
1,TRNSCRPT,ENSRNOG00000050424,BAT,TRNSCRPT;BAT;ENSRNOG00000050424
1,TRNSCRPT,ENSRNOG00000050843,BAT,TRNSCRPT;BAT;ENSRNOG00000050843
1,TRNSCRPT,ENSRNOG00000051286,BAT,TRNSCRPT;BAT;ENSRNOG00000051286
1,TRNSCRPT,ENSRNOG00000051624,BAT,TRNSCRPT;BAT;ENSRNOG00000051624
1,TRNSCRPT,ENSRNOG00000052226,BAT,TRNSCRPT;BAT;ENSRNOG00000052226
1,TRNSCRPT,ENSRNOG00000053231,BAT,TRNSCRPT;BAT;ENSRNOG00000053231
1,TRNSCRPT,ENSRNOG00000054689,BAT,TRNSCRPT;BAT;ENSRNOG00000054689
1,TRNSCRPT,ENSRNOG00000055572,BAT,TRNSCRPT;BAT;ENSRNOG00000055572
1,TRNSCRPT,ENSRNOG00000055647,BAT,TRNSCRPT;BAT;ENSRNOG00000055647
1,TRNSCRPT,ENSRNOG00000057042,BAT,TRNSCRPT;BAT;ENSRNOG00000057042
1,TRNSCRPT,ENSRNOG00000057367,BAT,TRNSCRPT;BAT;ENSRNOG00000057367
1,TRNSCRPT,ENSRNOG00000058359,BAT,TRNSCRPT;BAT;ENSRNOG00000058359
1,TRNSCRPT,ENSRNOG00000058658,BAT,TRNSCRPT;BAT;ENSRNOG00000058658
1,TRNSCRPT,ENSRNOG00000059061,BAT,TRNSCRPT;BAT;ENSRNOG00000059061
1,TRNSCRPT,ENSRNOG00000060293,BAT,TRNSCRPT;BAT;ENSRNOG00000060293
1,TRNSCRPT,ENSRNOG00000061684,BAT,TRNSCRPT;BAT;ENSRNOG00000061684
