query,term_name,p_value,q,term_size,query_size,intersection_size,precision,recall,effective_domain_size,source,term_id,intersection
ADRNL_2,Diabetic cardiomyopathy,1.94120832826004e-24,7.60804340960377e-23,107,187,60,0.320855614973262,0.560747663551402,1286,KEGG,KEGG:05415,Cox6a1,Atp5po,Ndufb4,Atp5f1b,Sdhc,Atp5pd,Ndufa4,Ndufa8,Pdhb,Sdhb,Ndufb11,Ndufa6,Ndufs3,Ndufb9,Pdk4,Cox6c,Slc25a4,Ndufs4,Ndufb3,Ndufs1,Ndufb5,Mpc1,Cpt2,Cyc1,Uqcrh,Vdac2,Ndufb8,Ndufb10,Atp5f1d,Ndufa10,Cox5b,Atp5f1a,Ndufs8,Ndufa2,Cox4i1,Ndufv1,Ndufab1,Uqcrfs1,Cox5a,Vdac3,Ndufa13,Sdhd,Ndufb6,Ndufs7,Pdha1,Ndufb2,Ndufb7,Cox7c,Uqcrc1,Uqcrc2,Ndufc1,Ndufs2,Slc25a5,Ndufv2,Uqcrq,Ndufa11,Ndufa1,Cox7b,Ndufa3,Ndufa9
ADRNL_2,Oxidative phosphorylation,4.54305410082707e-24,1.71458226990474e-22,96,187,56,0.299465240641711,0.583333333333333,1286,KEGG,KEGG:00190,Atp5me,Cox6a1,Atp5po,Ndufb4,Atp5f1b,Sdhc,Atp5pd,Ndufa4,Ndufa8,Sdhb,Ndufb11,Ndufa6,Ndufs3,Ndufb9,Cycs,Cox6c,Ndufs4,Ndufb3,Ndufs1,Ndufb5,Cyc1,Uqcrh,Ndufb8,Ndufb10,Atp5f1d,Ndufa10,Cox5b,Atp5f1a,Ndufs8,Ndufa2,Cox4i1,Ndufv1,Ndufab1,Uqcrfs1,Cox5a,Ndufa13,Sdhd,Ndufb6,Ndufs7,Cox10,Ndufb2,Atp5mf,Ndufb7,Atp5mg,Cox7c,Uqcrc1,Uqcrc2,Ndufc1,Ndufs2,Ndufv2,Uqcrq,Ndufa11,Ndufa1,Cox7b,Ndufa3,Ndufa9
ADRNL_2,Prion disease,4.36968556478448e-23,1.53541710017772e-21,103,187,57,0.304812834224599,0.553398058252427,1286,KEGG,KEGG:05020,Cox6a1,Atp5po,Ndufb4,Atp5f1b,Sdhc,Atp5pd,Ndufa4,Ndufa8,Sdhb,Ndufb11,Ndufa6,Ndufs3,Ndufb9,Cycs,Cox6c,Slc25a4,Ndufs4,Ndufb3,Ndufs1,Ndufb5,Cyc1,Uqcrh,Vdac2,Ndufb8,Ndufb10,Atp5f1d,Ndufa10,Cox5b,Atp5f1a,Ndufs8,Ndufa2,Cox4i1,Ndufv1,Ndufab1,Uqcrfs1,Cox5a,Vdac3,Ndufa13,Sdhd,Ndufb6,Ndufs7,Ndufb2,Ndufb7,Cox7c,Uqcrc1,Uqcrc2,Ndufc1,Ndufs2,Slc25a5,Ndufv2,Mcu,Uqcrq,Ndufa11,Ndufa1,Cox7b,Ndufa3,Ndufa9
ADRNL_2,Alzheimer disease,1.2628845933187e-22,4.15122387287662e-21,105,187,57,0.304812834224599,0.542857142857143,1286,KEGG,KEGG:05010,Cox6a1,Atp5po,Ndufb4,Atp5f1b,Sdhc,Atp5pd,Ndufa4,Ndufa8,Sdhb,Ndufb11,Ndufa6,Ndufs3,Ndufb9,Cycs,Cox6c,Slc25a4,Ndufs4,Ndufb3,Ndufs1,Ndufb5,Cyc1,Uqcrh,Vdac2,Ndufb8,Ndufb10,Atp5f1d,Ndufa10,Cox5b,Atp5f1a,Ndufs8,Ndufa2,Cox4i1,Ndufv1,Ndufab1,Uqcrfs1,Cox5a,Vdac3,Ndufa13,Sdhd,Ndufb6,Ndufs7,Ndufb2,Ndufb7,Cox7c,Uqcrc1,Uqcrc2,Ndufc1,Ndufs2,Slc25a5,Ndufv2,Mcu,Uqcrq,Ndufa11,Ndufa1,Cox7b,Ndufa3,Ndufa9
ADRNL_2,Non-alcoholic fatty liver disease,1.91430966111815e-22,5.91115619599816e-21,74,187,47,0.251336898395722,0.635135135135135,1286,KEGG,KEGG:04932,Cox6a1,Ndufb4,Sdhc,Ndufa4,Ndufa8,Sdhb,Ndufb11,Ndufa6,Ndufs3,Ndufb9,Cycs,Cox6c,Ndufs4,Ndufb3,Ndufs1,Ndufb5,Cyc1,Uqcrh,Ndufb8,Ndufb10,Ndufa10,Cox5b,Ndufs8,Ndufa2,Cox4i1,Ndufv1,Ndufab1,Uqcrfs1,Cox5a,Ndufa13,Sdhd,Ndufb6,Ndufs7,Ndufb2,Ndufb7,Cox7c,Uqcrc1,Uqcrc2,Ndufc1,Ndufs2,Ndufv2,Uqcrq,Ndufa11,Ndufa1,Cox7b,Ndufa3,Ndufa9
ADRNL_2,Pathways of neurodegeneration - multiple diseases,7.13234149608821e-22,2.13760470132761e-20,119,187,60,0.320855614973262,0.504201680672269,1286,KEGG,KEGG:05022,Cox6a1,Atp5po,Ndufb4,Atp5f1b,Sdhc,Tomm40l,Atp5pd,Ndufa4,Ndufa8,Sdhb,Ndufb11,Cat,Ndufa6,Ndufs3,Ndufb9,Cycs,Cox6c,Slc25a4,Ndufs4,Ndufb3,Ndufs1,Ndufb5,Cyc1,Uqcrh,Vdac2,Ndufb8,Ndufb10,Atp5f1d,Ndufa10,Cox5b,Atp5f1a,Ndufs8,Ndufa2,Cox4i1,Ndufv1,Ndufab1,Uqcrfs1,Cox5a,Vdac3,Ndufa13,Sdhd,Ndufb6,Ndufs7,Ndufb2,Ndufb7,Cox7c,Uqcrc1,Uqcrc2,Ndufc1,Ndufs2,Slc25a5,Ndufv2,Mcu,Mfn2,Uqcrq,Ndufa11,Ndufa1,Cox7b,Ndufa3,Ndufa9
ADRNL_2,Huntington disease,9.95205408547542e-22,2.74084949002688e-20,106,187,56,0.299465240641711,0.528301886792453,1286,KEGG,KEGG:05016,Cox6a1,Atp5po,Ndufb4,Atp5f1b,Sdhc,Atp5pd,Ndufa4,Ndufa8,Sdhb,Ndufb11,Ndufa6,Ndufs3,Ndufb9,Cycs,Cox6c,Slc25a4,Ndufs4,Ndufb3,Ndufs1,Ndufb5,Cyc1,Uqcrh,Vdac2,Ndufb8,Ndufb10,Atp5f1d,Ndufa10,Cox5b,Atp5f1a,Ndufs8,Ndufa2,Cox4i1,Ndufv1,Ndufab1,Uqcrfs1,Cox5a,Vdac3,Ndufa13,Sdhd,Ndufb6,Ndufs7,Ndufb2,Ndufb7,Cox7c,Uqcrc1,Uqcrc2,Ndufc1,Ndufs2,Slc25a5,Ndufv2,Uqcrq,Ndufa11,Ndufa1,Cox7b,Ndufa3,Ndufa9
ADRNL_2,Chemical carcinogenesis - reactive oxygen species,9.95205408547542e-22,2.74084949002688e-20,106,187,56,0.299465240641711,0.528301886792453,1286,KEGG,KEGG:05208,Cox6a1,Atp5po,Ndufb4,Atp5f1b,Sdhc,Atp5pd,Ndufa4,Ndufa8,Sdhb,Ndufb11,Cat,Ndufa6,Ndufs3,Ndufb9,Cox6c,Slc25a4,Ndufs4,Ndufb3,Ndufs1,Ndufb5,Cyc1,Uqcrh,Vdac2,Ndufb8,Ndufb10,Atp5f1d,Ndufa10,Cox5b,Atp5f1a,Ndufs8,Ndufa2,Cox4i1,Ndufv1,Ndufab1,Uqcrfs1,Cox5a,Vdac3,Ndufa13,Sdhd,Ndufb6,Ndufs7,Ndufb2,Ndufb7,Cox7c,Uqcrc1,Uqcrc2,Ndufc1,Ndufs2,Slc25a5,Ndufv2,Uqcrq,Ndufa11,Ndufa1,Cox7b,Ndufa3,Ndufa9
ADRNL_2,Parkinson disease,9.95205408547542e-22,2.74084949002688e-20,113,187,58,0.310160427807487,0.513274336283186,1286,KEGG,KEGG:05012,Cox6a1,Atp5po,Ndufb4,Atp5f1b,Sdhc,Atp5pd,Ndufa4,Ndufa8,Sdhb,Ndufb11,Ndufa6,Ndufs3,Ndufb9,Cycs,Cox6c,Slc25a4,Ndufs4,Ndufb3,Ndufs1,Ndufb5,Cyc1,Uqcrh,Vdac2,Ndufb8,Ndufb10,Atp5f1d,Ndufa10,Cox5b,Atp5f1a,Ndufs8,Ndufa2,Cox4i1,Ndufv1,Ndufab1,Uqcrfs1,Cox5a,Vdac3,Ndufa13,Sdhd,Ndufb6,Ndufs7,Ndufb2,Ndufb7,Cox7c,Uqcrc1,Uqcrc2,Ndufc1,Ndufs2,Slc25a5,Ndufv2,Mcu,Mfn2,Uqcrq,Ndufa11,Ndufa1,Cox7b,Ndufa3,Ndufa9
ADRNL_2,Amyotrophic lateral sclerosis,7.86080791584869e-21,2.10793770164469e-19,106,187,55,0.294117647058824,0.518867924528302,1286,KEGG,KEGG:05014,Cox6a1,Atp5po,Ndufb4,Atp5f1b,Sdhc,Tomm40l,Atp5pd,Ndufa4,Ndufa8,Sdhb,Ndufb11,Cat,Ndufa6,Ndufs3,Ndufb9,Cycs,Cox6c,Ndufs4,Ndufb3,Ndufs1,Ndufb5,Cyc1,Uqcrh,Ndufb8,Ndufb10,Atp5f1d,Ndufa10,Cox5b,Atp5f1a,Ndufs8,Ndufa2,Cox4i1,Ndufv1,Ndufab1,Uqcrfs1,Cox5a,Ndufa13,Sdhd,Ndufb6,Ndufs7,Ndufb2,Ndufb7,Cox7c,Uqcrc1,Uqcrc2,Ndufc1,Ndufs2,Ndufv2,Mcu,Uqcrq,Ndufa11,Ndufa1,Cox7b,Ndufa3,Ndufa9
ADRNL_2,Thermogenesis,1.09496252140691e-19,2.65658764122294e-18,118,187,57,0.304812834224599,0.483050847457627,1286,KEGG,KEGG:04714,Atp5me,Cox6a1,Atp5po,Ndufb4,Atp5f1b,Sdhc,Atp5pd,Ndufa4,Ndufa8,Sdhb,Ndufb11,Ndufa6,Ndufs3,Ndufb9,Cox6c,Ndufs4,Ndufb3,Ndufs1,Ndufb5,Cpt2,Cyc1,Uqcrh,Ndufb8,Ndufb10,Atp5f1d,Ndufa10,Cox5b,Atp5f1a,Ndufs8,Ndufa2,Cox4i1,Ndufv1,Ndufab1,Uqcrfs1,Cox5a,Slc25a20,Ndufa13,Sdhd,Ndufb6,Ndufs7,Cox10,Ndufb2,Atp5mf,Ndufb7,Atp5mg,Cox7c,Uqcrc1,Uqcrc2,Ndufc1,Ndufs2,Ndufv2,Uqcrq,Ndufa11,Ndufa1,Cox7b,Ndufa3,Ndufa9
ADRNL_2,Retrograde endocannabinoid signaling,2.30408195303754e-14,4.60364609832402e-13,47,187,30,0.160427807486631,0.638297872340426,1286,KEGG,KEGG:04723,Ndufb4,Ndufa4,Ndufa8,Ndufb11,Ndufa6,Ndufs3,Ndufb9,Ndufs4,Ndufb3,Ndufs1,Ndufb5,Ndufb8,Ndufb10,Ndufa10,Ndufs8,Ndufa2,Ndufv1,Ndufab1,Ndufa13,Ndufb6,Ndufs7,Ndufb2,Ndufb7,Ndufc1,Ndufs2,Ndufv2,Ndufa11,Ndufa1,Ndufa3,Ndufa9
ADRNL_2,Citrate cycle (TCA cycle),1.52723244128917e-12,2.93632048617672e-11,25,187,20,0.106951871657754,0.8,1286,KEGG,KEGG:00020,Mdh2,Sdhc,Fh,Dlst,Ogdh,Suclg1,Idh3b,Pdhb,Sdhb,Dlat,Idh3a,Idh2,Acly,Sucla2,Pc,Sdhd,Cs,Aco2,Pdha1,Idh3g
ADRNL_2,Carbon metabolism,5.48990665237682e-08,9.17084406356063e-07,50,187,24,0.128342245989305,0.48,1286,KEGG,KEGG:01200,Mdh2,Sdhc,Fh,Dlst,Ogdh,Suclg1,Idh3b,Acat1,Pdhb,Sdhb,Cat,Dlat,Idh3a,Idh2,Mcee,Sucla2,Pc,Sdhd,Cs,Aco2,Pdha1,Idh3g,Pcca,Glud1
ADRNL_2,Cardiac muscle contraction,0.000103042563387699,0.00114130839230506,26,187,13,0.0695187165775401,0.5,1286,KEGG,KEGG:04260,Cox6a1,Cox6c,Cyc1,Uqcrh,Cox5b,Cox4i1,Uqcrfs1,Cox5a,Cox7c,Uqcrc1,Uqcrc2,Uqcrq,Cox7b
ADRNL_2,Fatty acid degradation,0.00138677444258551,0.0138541485979866,28,187,12,0.0641711229946524,0.428571428571429,1286,KEGG,KEGG:00071,Aldh9a1,Acat1,Eci1,Acadm,Hadh,Hadhb,Cpt2,Acadl,Acaa2,Acadvl,Hadha,Eci2
ADRNL_2,Spinocerebellar ataxia,0.00540286745154293,0.0474613959751917,13,187,7,0.0374331550802139,0.538461538461538,1286,KEGG,KEGG:05017,Cycs,Slc25a4,Vdac2,Afg3l2,Vdac3,Slc25a5,Mcu
ADRNL_2,Fatty acid metabolism,0.00540286745154293,0.0474613959751917,32,187,12,0.0641711229946524,0.375,1286,KEGG,KEGG:01212,Acat1,Acadm,Hadh,Hadhb,Cpt2,Acadl,Acaa2,Hsd17b4,Acadvl,Hadha,Mecr,Acaca
ADRNL_2,2-Oxocarboxylic acid metabolism,0.0106156355800778,0.0886666611155678,11,187,6,0.0320855614973262,0.545454545454545,1286,KEGG,KEGG:01210,Idh3b,Idh3a,Idh2,Cs,Aco2,Idh3g
ADRNL_2,Fatty acid elongation,0.0106156355800778,0.0886666611155678,11,187,6,0.0320855614973262,0.545454545454545,1286,KEGG,KEGG:00062,Hadh,Hadhb,Acaa2,Them4,Hadha,Mecr
ADRNL_2,Cellular senescence,0.0113042268502446,0.0928952190354778,8,187,5,0.0267379679144385,0.625,1286,KEGG,KEGG:04218,Slc25a4,Vdac2,Vdac3,Slc25a5,Mcu
ADRNL_2,The citric acid (TCA) cycle and respiratory electron transport,1.53129266468632e-22,4.87621007911049e-21,131,187,65,0.347593582887701,0.49618320610687,1286,REAC,REAC:R-RNO-1428517,Atp5me,Cox6a1,Mdh2,Atp5po,Ndufb4,Sdhc,Atp5pd,Fh,Ogdh,Ndufa4,Ndufa8,Idh3b,Pdhb,Sdhb,Ndufb11,Ndufa6,Ndufs3,Ndufb9,Dlat,Cycs,Ndufs4,Ndufb3,Ndufs1,Ndufb5,Cyc1,Uqcrh,Idh2,Ndufb8,Ecsit,Ndufb10,Etfa,Ndufa10,Cox5b,Atp5f1a,Ndufs8,Sucla2,Ndufa2,Ucp3,Cox4i1,Etfb,Ndufv1,Ndufab1,Uqcrfs1,Cox5a,Ndufa13,Sdhd,Aco2,Ndufb6,Ndufs7,Ndufb2,Atp5mf,Ndufb7,Atp5mg,Cox7c,Uqcrc1,Uqcrc2,Ndufc1,Ndufs2,Ndufv2,Uqcrq,Ndufa11,Ndufa1,Cox7b,Ndufa3,Ndufa9
ADRNL_2,Electron transport,ATP synthesis,heat production,6.40241732447776e-19,1.51722401247508e-17,103,187,53,0.283422459893048,0.514563106796116,1286,REAC,REAC:R-RNO-163200,Atp5me,Cox6a1,Atp5po,Ndufb4,Atp5pd,Ndufa4,Ndufa8,Ndufb11,Ndufa6,Ndufs3,Ndufb9,Cycs,Ndufs4,Ndufb3,Ndufs1,Ndufb5,Cyc1,Uqcrh,Ndufb8,Ecsit,Ndufb10,Etfa,Ndufa10,Cox5b,Atp5f1a,Ndufs8,Ndufa2,Ucp3,Cox4i1,Etfb,Ndufv1,Ndufab1,Uqcrfs1,Cox5a,Ndufa13,Ndufb6,Ndufs7,Ndufb2,Atp5mf,Ndufb7,Atp5mg,Cox7c,Uqcrc1,Uqcrc2,Ndufc1,Ndufs2,Ndufv2,Uqcrq,Ndufa11,Ndufa1,Cox7b,Ndufa3,Ndufa9
ADRNL_2,Respiratory electron transport,3.67684141214669e-17,8.51523045222153e-16,86,187,46,0.245989304812834,0.534883720930233,1286,REAC,REAC:R-RNO-611105,Cox6a1,Ndufb4,Ndufa4,Ndufa8,Ndufb11,Ndufa6,Ndufs3,Ndufb9,Cycs,Ndufs4,Ndufb3,Ndufs1,Ndufb5,Cyc1,Uqcrh,Ndufb8,Ecsit,Ndufb10,Etfa,Ndufa10,Cox5b,Ndufs8,Ndufa2,Cox4i1,Etfb,Ndufv1,Ndufab1,Uqcrfs1,Cox5a,Ndufa13,Ndufb6,Ndufs7,Ndufb2,Ndufb7,Cox7c,Uqcrc1,Uqcrc2,Ndufc1,Ndufs2,Ndufv2,Uqcrq,Ndufa11,Ndufa1,Cox7b,Ndufa3,Ndufa9
ADRNL_2,Complex I biogenesis,4.15978742307255e-11,7.70695160747441e-10,55,187,30,0.160427807486631,0.545454545454545,1286,REAC,REAC:R-RNO-6799198,Ndufb4,Ndufa8,Ndufb11,Ndufa6,Ndufs3,Ndufb9,Ndufs4,Ndufb3,Ndufs1,Ndufb5,Ndufb8,Ecsit,Ndufb10,Ndufa10,Ndufs8,Ndufa2,Ndufv1,Ndufab1,Ndufa13,Ndufb6,Ndufs7,Ndufb2,Ndufb7,Ndufc1,Ndufs2,Ndufv2,Ndufa11,Ndufa1,Ndufa3,Ndufa9
ADRNL_2,Citric acid cycle (TCA cycle),0.000662613751007515,0.00710740433975429,17,187,10,0.053475935828877,0.588235294117647,1286,REAC,REAC:R-RNO-71403,Mdh2,Sdhc,Fh,Ogdh,Idh3b,Sdhb,Idh2,Sucla2,Sdhd,Aco2
ADRNL_2,Pyruvate metabolism and Citric Acid (TCA) cycle,0.00437978992532167,0.0402072606657908,28,187,12,0.0641711229946524,0.428571428571429,1286,REAC,REAC:R-RNO-71406,Mdh2,Sdhc,Fh,Ogdh,Idh3b,Pdhb,Sdhb,Dlat,Idh2,Sucla2,Sdhd,Aco2
ADRNL_2,Organelle biogenesis and maintenance,0.00468652369024617,0.0426389967889362,21,187,10,0.053475935828877,0.476190476190476,1286,REAC,REAC:R-RNO-1852241,Atp5me,Atp5po,Atp5pd,Cycs,Idh2,Atp5f1a,Atp5mf,Atp5mg,Decr2,Glud1
ADRNL_2,Mitochondrial biogenesis,0.00914459623795584,0.077652863053975,19,187,9,0.0481283422459893,0.473684210526316,1286,REAC,REAC:R-RNO-1592230,Atp5me,Atp5po,Atp5pd,Cycs,Idh2,Atp5f1a,Atp5mf,Atp5mg,Glud1
ADRNL_4,Valine, leucine and isoleucine degradation,0.00077495577233162,0.00822583262506168,42,171,17,0.0994152046783626,0.404761904761905,1286,KEGG,KEGG:00280,Acads,Ehhadh,Hsd17b10,Dld,Hmgcl,Bckdhb,Aldh6a1,Mccc1,Aldh7a1,Dbt,Echs1,Acadsb,Hibch,Acaa1a,Acad10,Oxct1,Mmut
ADRNL_4,Propanoate metabolism,0.00196420264922775,0.019245408649645,26,171,12,0.0701754385964912,0.461538461538462,1286,KEGG,KEGG:00640,Acacb,Acads,Ehhadh,Dld,Acss1,Bckdhb,Aldh6a1,Ldhb,Dbt,Echs1,Hibch,Mmut
BAT_1,Oxidative phosphorylation,4.10309448099714e-35,4.18105327613608e-32,96,263,75,0.285171102661597,0.78125,1286,KEGG,KEGG:00190,Atp5me,Cox6a1,Atp5po,Ndufb4,Atp5f1b,Sdhc,Atp5pd,Ndufa4,Ndufa5,Ndufa7,Ndufa12,Sdhb,Ndufb11,Ndufa6,Ndufs3,Ndufb9,Cycs,Cox6c,Ndufs4,Ndufb3,Ndufs1,Ndufb5,Ppa2,Ndufc2,Cyc1,Uqcrh,Sdha,Ndufb8,Ndufb10,Atp5f1d,Atp5pb,Ndufa10,Cox5b,Atp5f1a,Ndufs8,Ndufa2,Cox4i1,Ndufv1,Ndufab1,Uqcrfs1,Cox5a,Atp5f1c,Ndufa13,Sdhd,Ndufb6,Ndufs7,Ndufb2,Atp5mf,Ndufb7,Atp5mg,Mt-nd6,Mt-nd4,Mt-nd5,Cox7c,Mt-co2,Mt-nd1,Mt-co3,Mt-nd4l,Mt-cyb,Mt-atp6,Uqcrc1,Mt-atp8,Mt-nd3,Mt-co1,Uqcrc2,Ndufc1,Ndufs2,Ndufv2,Uqcrq,Ndufa11,Ndufa1,Cox7b,Uqcr10,Ndufa3,Ndufa9
BAT_1,Diabetic cardiomyopathy,4.55338546145076e-32,1.15997494630458e-29,107,263,77,0.29277566539924,0.719626168224299,1286,KEGG,KEGG:05415,Cox6a1,Atp5po,Ndufb4,Atp5f1b,Mpc2,Sdhc,Atp5pd,Ndufa4,Ndufa5,Ndufa7,Ndufa12,Pdhb,Sdhb,Ndufb11,Ndufa6,Ndufs3,Ndufb9,Cpt1b,Ppif,Cox6c,Ndufs4,Ndufb3,Ndufs1,Ndufb5,Ndufc2,Mpc1,Cpt2,Cyc1,Uqcrh,Sdha,Ndufb8,Ndufb10,Atp5f1d,Atp5pb,Ndufa10,Cox5b,Atp5f1a,Ndufs8,Ndufa2,Cox4i1,Ndufv1,Ndufab1,Uqcrfs1,Cox5a,Atp5f1c,Ndufa13,Sdhd,Ndufb6,Ndufs7,Pdha1,Ndufb2,Ndufb7,Mt-nd6,Mt-nd4,Mt-nd5,Cox7c,Mt-co2,Mt-nd1,Mt-co3,Mt-nd4l,Mt-cyb,Mt-atp6,Uqcrc1,Mt-atp8,Mt-nd3,Mt-co1,Uqcrc2,Ndufc1,Ndufs2,Ndufv2,Uqcrq,Ndufa11,Ndufa1,Cox7b,Uqcr10,Ndufa3,Ndufa9
BAT_1,Huntington disease,1.79506559950958e-30,2.0324131621114e-28,106,263,75,0.285171102661597,0.707547169811321,1286,KEGG,KEGG:05016,Cox6a1,Atp5po,Sod1,Ndufb4,Atp5f1b,Sdhc,Ucp1,Atp5pd,Ndufa4,Ndufa5,Ndufa7,Ndufa12,Sdhb,Ndufb11,Ndufa6,Ndufs3,Ndufb9,Cycs,Ppif,Cox6c,Ndufs4,Ndufb3,Ndufs1,Ndufb5,Ndufc2,Cyc1,Uqcrh,Sdha,Ndufb8,Ndufb10,Atp5f1d,Atp5pb,Ndufa10,Cox5b,Atp5f1a,Ndufs8,Ndufa2,Cox4i1,Ndufv1,Ndufab1,Uqcrfs1,Cox5a,Sod2,Atp5f1c,Ndufa13,Sdhd,Ndufb6,Ndufs7,Ndufb2,Ndufb7,Mt-nd6,Mt-nd4,Mt-nd5,Cox7c,Mt-co2,Mt-nd1,Mt-co3,Mt-nd4l,Mt-cyb,Mt-atp6,Uqcrc1,Mt-atp8,Mt-nd3,Mt-co1,Uqcrc2,Ndufc1,Ndufs2,Ndufv2,Uqcrq,Ndufa11,Ndufa1,Cox7b,Uqcr10,Ndufa3,Ndufa9
BAT_1,Thermogenesis,7.99501017157308e-30,6.26685797294844e-28,118,263,79,0.300380228136882,0.669491525423729,1286,KEGG,KEGG:04714,Atp5me,Cox6a1,Atp5po,Ndufb4,Atp5f1b,Sdhc,Ucp1,Atp5pd,Ndufaf1,Ndufa4,Ndufa5,Ndufa7,Ndufa12,Sdhb,Ndufb11,Ndufa6,Ndufs3,Ndufb9,Cpt1b,Acsl1,Cox6c,Ndufs4,Ndufb3,Ndufs1,Ndufb5,Ndufc2,Cpt2,Cyc1,Uqcrh,Sdha,Ndufb8,Ndufb10,Atp5f1d,Atp5pb,Ndufa10,Cox5b,Atp5f1a,Ndufs8,Ndufa2,Cox4i1,Ndufv1,Ndufab1,Uqcrfs1,Cox5a,Atp5f1c,Slc25a20,Ndufa13,Sdhd,Ndufb6,Ndufs7,Ndufb2,Atp5mf,Ndufb7,Atp5mg,Mt-nd6,Mt-nd4,Mt-nd5,Cox7c,Mt-co2,Mt-nd1,Mt-co3,Mt-nd4l,Mt-cyb,Mt-atp6,Uqcrc1,Mt-atp8,Mt-nd3,Mt-co1,Uqcrc2,Ndufc1,Ndufs2,Ndufv2,Uqcrq,Ndufa11,Ndufa1,Cox7b,Uqcr10,Ndufa3,Ndufa9
BAT_1,Prion disease,7.99501017157308e-30,6.26685797294844e-28,103,263,73,0.277566539923954,0.70873786407767,1286,KEGG,KEGG:05020,Cox6a1,Atp5po,Sod1,Ndufb4,Atp5f1b,Sdhc,Atp5pd,Ndufa4,Ndufa5,Ndufa7,Ndufa12,Sdhb,Ndufb11,Ndufa6,Ndufs3,Ndufb9,Cycs,Ppif,Cox6c,Ndufs4,Ndufb3,Ndufs1,Ndufb5,Ndufc2,Cyc1,Uqcrh,Sdha,Ndufb8,Ndufb10,Atp5f1d,Atp5pb,Ndufa10,Cox5b,Atp5f1a,Ndufs8,Ndufa2,Cox4i1,Ndufv1,Ndufab1,Uqcrfs1,Cox5a,Atp5f1c,Ndufa13,Sdhd,Ndufb6,Ndufs7,Ndufb2,Ndufb7,Mt-nd6,Mt-nd4,Mt-nd5,Cox7c,Mt-co2,Mt-nd1,Mt-co3,Mt-nd4l,Mt-cyb,Mt-atp6,Uqcrc1,Mt-atp8,Mt-nd3,Mt-co1,Uqcrc2,Ndufc1,Ndufs2,Ndufv2,Uqcrq,Ndufa11,Ndufa1,Cox7b,Uqcr10,Ndufa3,Ndufa9
BAT_1,Chemical carcinogenesis - reactive oxygen species,9.50533119240171e-30,6.45728832337156e-28,106,263,74,0.281368821292776,0.69811320754717,1286,KEGG,KEGG:05208,Cox6a1,Atp5po,Sod1,Ndufb4,Atp5f1b,Sdhc,Atp5pd,Ndufa4,Ndufa5,Ndufa7,Ndufa12,Sdhb,Ndufb11,Cat,Ndufa6,Ndufs3,Ndufb9,Ppif,Cox6c,Ndufs4,Ndufb3,Ndufs1,Ndufb5,Ndufc2,Cyc1,Uqcrh,Sdha,Ndufb8,Ndufb10,Atp5f1d,Atp5pb,Ndufa10,Cox5b,Atp5f1a,Ndufs8,Ndufa2,Cox4i1,Ndufv1,Ndufab1,Uqcrfs1,Cox5a,Sod2,Atp5f1c,Ndufa13,Sdhd,Ndufb6,Ndufs7,Ndufb2,Ndufb7,Mt-nd6,Mt-nd4,Mt-nd5,Cox7c,Mt-co2,Mt-nd1,Mt-co3,Mt-nd4l,Mt-cyb,Mt-atp6,Uqcrc1,Mt-atp8,Mt-nd3,Mt-co1,Uqcrc2,Ndufc1,Ndufs2,Ndufv2,Uqcrq,Ndufa11,Ndufa1,Cox7b,Uqcr10,Ndufa3,Ndufa9
BAT_1,Amyotrophic lateral sclerosis,9.50533119240171e-30,6.45728832337156e-28,106,263,74,0.281368821292776,0.69811320754717,1286,KEGG,KEGG:05014,Cox6a1,Atp5po,Sod1,Ndufb4,Atp5f1b,Sdhc,Atp5pd,Ndufa4,Ndufa5,Ndufa7,Ndufa12,Sdhb,Ndufb11,Cat,Ndufa6,Ndufs3,Ndufb9,Cycs,Cox6c,Ndufs4,Ndufb3,Ndufs1,Ndufb5,Ndufc2,Cyc1,Uqcrh,Sdha,Ndufb8,Ndufb10,Atp5f1d,Atp5pb,Ndufa10,Cox5b,Atp5f1a,Ndufs8,Ndufa2,Cox4i1,Ndufv1,Ndufab1,Uqcrfs1,Cox5a,Atp5f1c,Ndufa13,Sdhd,Ndufb6,Ndufs7,Ndufb2,Ndufb7,Mt-nd6,Mt-nd4,Mt-nd5,Cox7c,Mt-co2,Mt-nd1,Mt-co3,Mt-nd4l,Mt-cyb,Mt-atp6,Uqcrc1,Mt-atp8,Mt-nd3,Mt-co1,Uqcrc2,Ndufc1,Ndufs2,Ndufv2,Uqcrq,Ndufa11,Ndufa1,Chchd10,Cox7b,Uqcr10,Ndufa3,Ndufa9
BAT_1,Alzheimer disease,3.61506409702495e-29,2.30234394679276e-27,105,263,73,0.277566539923954,0.695238095238095,1286,KEGG,KEGG:05010,Cox6a1,Atp5po,Ndufb4,Atp5f1b,Hsd17b10,Sdhc,Atp5pd,Ndufa4,Ndufa5,Ndufa7,Ndufa12,Sdhb,Ndufb11,Ndufa6,Ndufs3,Ndufb9,Cycs,Ppif,Cox6c,Ndufs4,Ndufb3,Ndufs1,Ndufb5,Ndufc2,Cyc1,Uqcrh,Sdha,Ndufb8,Ndufb10,Atp5f1d,Atp5pb,Ndufa10,Cox5b,Atp5f1a,Ndufs8,Ndufa2,Cox4i1,Ndufv1,Ndufab1,Uqcrfs1,Cox5a,Atp5f1c,Ndufa13,Sdhd,Ndufb6,Ndufs7,Ndufb2,Ndufb7,Mt-nd6,Mt-nd4,Mt-nd5,Cox7c,Mt-co2,Mt-nd1,Mt-co3,Mt-nd4l,Mt-cyb,Mt-atp6,Uqcrc1,Mt-atp8,Mt-nd3,Mt-co1,Uqcrc2,Ndufc1,Ndufs2,Ndufv2,Uqcrq,Ndufa11,Ndufa1,Cox7b,Uqcr10,Ndufa3,Ndufa9
BAT_1,Parkinson disease,5.24086178076613e-29,3.14143420858864e-27,113,263,76,0.288973384030418,0.672566371681416,1286,KEGG,KEGG:05012,Cox6a1,Atp5po,Sod1,Ndufb4,Atp5f1b,Sdhc,Atp5pd,Trap1,Ndufa4,Txn2,Ndufa5,Ndufa7,Ndufa12,Sdhb,Ndufb11,Ndufa6,Ndufs3,Ndufb9,Cycs,Ppif,Cox6c,Ndufs4,Ndufb3,Ndufs1,Ndufb5,Ndufc2,Cyc1,Uqcrh,Sdha,Ndufb8,Ndufb10,Atp5f1d,Atp5pb,Ndufa10,Cox5b,Atp5f1a,Ndufs8,Ndufa2,Cox4i1,Ndufv1,Ndufab1,Uqcrfs1,Cox5a,Atp5f1c,Ndufa13,Sdhd,Ndufb6,Ndufs7,Ndufb2,Ndufb7,Mt-nd6,Mt-nd4,Mt-nd5,Cox7c,Mt-co2,Mt-nd1,Mt-co3,Mt-nd4l,Mt-cyb,Mt-atp6,Uqcrc1,Mt-atp8,Mt-nd3,Mt-co1,Uqcrc2,Ndufc1,Ndufs2,Ndufv2,Mfn2,Uqcrq,Ndufa11,Ndufa1,Cox7b,Uqcr10,Ndufa3,Ndufa9
BAT_1,Pathways of neurodegeneration - multiple diseases,1.01789559822332e-27,5.18617807294783e-26,119,263,77,0.29277566539924,0.647058823529412,1286,KEGG,KEGG:05022,Cox6a1,Atp5po,Sod1,Ndufb4,Atp5f1b,Hsd17b10,Sdhc,Atp5pd,Trap1,Ndufa4,Ndufa5,Ndufa7,Ndufa12,Sdhb,Ndufb11,Cat,Ndufa6,Ndufs3,Ndufb9,Cycs,Ppif,Cox6c,Ndufs4,Ndufb3,Ndufs1,Ndufb5,Ndufc2,Cyc1,Uqcrh,Sdha,Ndufb8,Ndufb10,Atp5f1d,Atp5pb,Ndufa10,Cox5b,Atp5f1a,Ndufs8,Ndufa2,Cox4i1,Ndufv1,Ndufab1,Uqcrfs1,Cox5a,Atp5f1c,Ndufa13,Sdhd,Ndufb6,Ndufs7,Ndufb2,Ndufb7,Mt-nd6,Mt-nd4,Mt-nd5,Cox7c,Mt-co2,Mt-nd1,Mt-co3,Mt-nd4l,Mt-cyb,Mt-atp6,Uqcrc1,Mt-atp8,Mt-nd3,Mt-co1,Uqcrc2,Ndufc1,Ndufs2,Ndufv2,Mfn2,Uqcrq,Ndufa11,Ndufa1,Cox7b,Uqcr10,Ndufa3,Ndufa9
BAT_1,Non-alcoholic fatty liver disease,4.57890173047726e-25,1.86636034534253e-23,74,263,56,0.212927756653992,0.756756756756757,1286,KEGG,KEGG:04932,Cox6a1,Ndufb4,Sdhc,Ndufa4,Ndufa5,Ndufa7,Ndufa12,Sdhb,Ndufb11,Ndufa6,Ndufs3,Ndufb9,Cycs,Cox6c,Ndufs4,Ndufb3,Ndufs1,Ndufb5,Ndufc2,Cyc1,Uqcrh,Sdha,Ndufb8,Ndufb10,Ndufa10,Cox5b,Ndufs8,Ndufa2,Cox4i1,Ndufv1,Ndufab1,Uqcrfs1,Cox5a,Ndufa13,Sdhd,Ndufb6,Ndufs7,Ndufb2,Ndufb7,Cox7c,Mt-co2,Mt-co3,Mt-cyb,Uqcrc1,Mt-co1,Uqcrc2,Ndufc1,Ndufs2,Ndufv2,Uqcrq,Ndufa11,Ndufa1,Cox7b,Uqcr10,Ndufa3,Ndufa9
BAT_1,Retrograde endocannabinoid signaling,7.49389240828989e-20,1.86250643025546e-18,47,263,39,0.14828897338403,0.829787234042553,1286,KEGG,KEGG:04723,Ndufb4,Ndufa4,Ndufa5,Ndufa7,Ndufa12,Ndufb11,Ndufa6,Ndufs3,Ndufb9,Ndufs4,Ndufb3,Ndufs1,Ndufb5,Ndufc2,Ndufb8,Ndufb10,Ndufa10,Ndufs8,Ndufa2,Ndufv1,Ndufab1,Ndufa13,Ndufb6,Ndufs7,Ndufb2,Ndufb7,Mt-nd6,Mt-nd4,Mt-nd5,Mt-nd1,Mt-nd4l,Mt-nd3,Ndufc1,Ndufs2,Ndufv2,Ndufa11,Ndufa1,Ndufa3,Ndufa9
BAT_1,Citrate cycle (TCA cycle),3.34400334595718e-12,6.31025816579697e-11,25,263,22,0.0836501901140684,0.88,1286,KEGG,KEGG:00020,Mdh2,Sdhc,Fh,Dlst,Ogdh,Suclg1,Suclg2,Dld,Idh3b,Pdhb,Sdhb,Dlat,Idh3a,Sdha,Idh2,Acly,Sucla2,Sdhd,Cs,Aco2,Pdha1,Idh3g
BAT_1,Carbon metabolism,6.96944545349475e-11,1.26819016376985e-09,50,263,32,0.121673003802281,0.64,1286,KEGG,KEGG:01200,Acads,Mdh2,Sdhc,Fh,Dlst,Ogdh,Suclg1,Suclg2,Dld,Idh3b,Acat1,Pdhb,Sdhb,Cat,Dlat,Idh3a,Aldh6a1,Sdha,Idh2,Pccb,Mcee,Sucla2,Echs1,Sdhd,Cs,Aco2,Pdha1,Hibch,Mmut,Idh3g,Pcca,Glud1
BAT_1,Valine, leucine and isoleucine degradation,1.34669351416139e-07,2.21335595311364e-06,42,263,25,0.0950570342205323,0.595238095238095,1286,KEGG,KEGG:00280,Acads,Hsd17b10,Dld,Acat1,Hibadh,Ivd,Hmgcl,Acadm,Bckdhb,Hadh,Hadhb,Aldh6a1,Auh,Acaa2,Aldh7a1,Acsf3,Pccb,Mcee,Echs1,Bckdha,Hadha,Hibch,Acad10,Mmut,Pcca
BAT_1,Propanoate metabolism,4.76254401629783e-07,6.47070980347665e-06,26,263,18,0.0684410646387833,0.692307692307692,1286,KEGG,KEGG:00640,Acads,Acss3,Suclg1,Suclg2,Dld,Bckdhb,Aldh6a1,Echdc1,Ldhb,Pccb,Mcee,Sucla2,Echs1,Bckdha,Hadha,Hibch,Mmut,Pcca
BAT_1,Cardiac muscle contraction,4.76254401629783e-07,6.47070980347665e-06,26,263,18,0.0684410646387833,0.692307692307692,1286,KEGG,KEGG:04260,Cox6a1,Cox6c,Cyc1,Uqcrh,Cox5b,Cox4i1,Uqcrfs1,Cox5a,Cox7c,Mt-co2,Mt-co3,Mt-cyb,Uqcrc1,Mt-co1,Uqcrc2,Uqcrq,Cox7b,Uqcr10
BAT_1,Fatty acid degradation,2.53591696405361e-06,3.19024615601312e-05,28,263,18,0.0684410646387833,0.642857142857143,1286,KEGG,KEGG:00071,Acads,Gcdh,Acat1,Eci1,Acadm,Cpt1b,Acsl1,Hadh,Hadhb,Cpt2,Acadl,Acaa2,Aldh7a1,Acadvl,Echs1,Hadha,Eci2,Acad10
BAT_1,Fatty acid metabolism,3.86336824798898e-05,0.000447360482352361,32,263,18,0.0684410646387833,0.5625,1286,KEGG,KEGG:01212,Hsd17b8,Acads,Acat1,Acadm,Cpt1b,Acsl1,Hadh,Hadhb,Scp2,Cpt2,Acadl,Acaa2,Acsf3,Hsd17b4,Acadvl,Echs1,Hadha,Mecr
BAT_1,Glyoxylate and dicarboxylate metabolism,0.00337618609732088,0.0324559776714149,20,263,11,0.0418250950570342,0.55,1286,KEGG,KEGG:00630,Mdh2,Dld,Acat1,Cat,Pccb,Mcee,Cs,Aco2,Hoga1,Mmut,Pcca
BAT_1,Pyruvate metabolism,0.00560429861717748,0.0488100879564432,24,263,12,0.0456273764258555,0.5,1286,KEGG,KEGG:00620,Mdh2,Fh,Dld,Acat1,Pdhb,Dlat,Ldhb,Aldh7a1,Hagh,Ldhd,Pdha1,Acad10
BAT_1,The citric acid (TCA) cycle and respiratory electron transport,3.75762165784092e-34,1.91450823466995e-31,131,263,89,0.338403041825095,0.679389312977099,1286,REAC,REAC:R-RNO-1428517,Atp5me,Cox6a1,Mdh2,Atp5po,Ndufb4,Sdhc,Ucp1,Atp5pd,Fh,L2hgdh,Ndufaf1,Ogdh,Ndufa4,Suclg2,Ndufa5,Dld,Ndufa7,Adhfe1,Idh3b,Ndufa12,Pdhb,Sdhb,Ndufb11,Ndufa6,Ndufs3,Ndufb9,Dlat,Cycs,Ndufs4,Ndufb3,Ndufs1,Ndufb5,Ndufc2,Cyc1,Uqcrh,Ldhb,Sdha,Idh2,Ndufb8,Ecsit,Ndufb10,Fahd1,Etfa,Atp5pb,Ndufa10,Cox5b,Atp5f1a,Ndufs8,Sucla2,Ndufa2,Cox4i1,Etfb,Ndufv1,Ndufab1,Uqcrfs1,Cox5a,Ndufa13,Sdhd,Aco2,Ndufb6,Ndufs7,Ndufb2,Atp5mf,Ndufb7,Atp5mg,Mt-nd6,Mt-nd4,Mt-nd5,Cox7c,Mt-co2,Mt-nd1,Mt-co3,Mt-cyb,Mt-atp6,Uqcrc1,Mt-atp8,Mt-nd3,Mt-co1,Uqcrc2,Ndufc1,Ndufs2,Ndufv2,Uqcrq,Ndufa11,Ndufa1,Cox7b,Uqcr10,Ndufa3,Ndufa9
BAT_1,Electron transport,ATP synthesis,heat production,4.21284255288914e-26,1.8664724179974e-24,103,263,70,0.26615969581749,0.679611650485437,1286,REAC,REAC:R-RNO-163200,Atp5me,Cox6a1,Atp5po,Ndufb4,Ucp1,Atp5pd,Ndufaf1,Ndufa4,Ndufa5,Ndufa7,Ndufa12,Ndufb11,Ndufa6,Ndufs3,Ndufb9,Cycs,Ndufs4,Ndufb3,Ndufs1,Ndufb5,Ndufc2,Cyc1,Uqcrh,Ndufb8,Ecsit,Ndufb10,Etfa,Atp5pb,Ndufa10,Cox5b,Atp5f1a,Ndufs8,Ndufa2,Cox4i1,Etfb,Ndufv1,Ndufab1,Uqcrfs1,Cox5a,Ndufa13,Ndufb6,Ndufs7,Ndufb2,Atp5mf,Ndufb7,Atp5mg,Mt-nd6,Mt-nd4,Mt-nd5,Cox7c,Mt-co2,Mt-nd1,Mt-co3,Mt-cyb,Mt-atp6,Uqcrc1,Mt-atp8,Mt-nd3,Mt-co1,Uqcrc2,Ndufc1,Ndufs2,Ndufv2,Uqcrq,Ndufa11,Ndufa1,Cox7b,Uqcr10,Ndufa3,Ndufa9
BAT_1,Respiratory electron transport,4.61599521701741e-23,1.56789970871358e-21,86,263,60,0.228136882129278,0.697674418604651,1286,REAC,REAC:R-RNO-611105,Cox6a1,Ndufb4,Ndufaf1,Ndufa4,Ndufa5,Ndufa7,Ndufa12,Ndufb11,Ndufa6,Ndufs3,Ndufb9,Cycs,Ndufs4,Ndufb3,Ndufs1,Ndufb5,Ndufc2,Cyc1,Uqcrh,Ndufb8,Ecsit,Ndufb10,Etfa,Ndufa10,Cox5b,Ndufs8,Ndufa2,Cox4i1,Etfb,Ndufv1,Ndufab1,Uqcrfs1,Cox5a,Ndufa13,Ndufb6,Ndufs7,Ndufb2,Ndufb7,Mt-nd6,Mt-nd4,Mt-nd5,Cox7c,Mt-co2,Mt-nd1,Mt-co3,Mt-cyb,Uqcrc1,Mt-nd3,Mt-co1,Uqcrc2,Ndufc1,Ndufs2,Ndufv2,Uqcrq,Ndufa11,Ndufa1,Cox7b,Uqcr10,Ndufa3,Ndufa9
BAT_1,Complex I biogenesis,5.55914651422584e-15,1.15607557101962e-13,55,263,39,0.14828897338403,0.709090909090909,1286,REAC,REAC:R-RNO-6799198,Ndufb4,Ndufaf1,Ndufa5,Ndufa7,Ndufa12,Ndufb11,Ndufa6,Ndufs3,Ndufb9,Ndufs4,Ndufb3,Ndufs1,Ndufb5,Ndufc2,Ndufb8,Ecsit,Ndufb10,Ndufa10,Ndufs8,Ndufa2,Ndufv1,Ndufab1,Ndufa13,Ndufb6,Ndufs7,Ndufb2,Ndufb7,Mt-nd6,Mt-nd4,Mt-nd5,Mt-nd1,Mt-nd3,Ndufc1,Ndufs2,Ndufv2,Ndufa11,Ndufa1,Ndufa3,Ndufa9
BAT_1,Pyruvate metabolism and Citric Acid (TCA) cycle,1.28602092676574e-06,1.68007092868499e-05,28,263,19,0.0722433460076046,0.678571428571429,1286,REAC,REAC:R-RNO-71406,Mdh2,Sdhc,Fh,L2hgdh,Ogdh,Suclg2,Dld,Adhfe1,Idh3b,Pdhb,Sdhb,Dlat,Ldhb,Sdha,Idh2,Fahd1,Sucla2,Sdhd,Aco2
BAT_1,Citric acid cycle (TCA cycle),1.34144451314748e-06,1.73029361885731e-05,17,263,14,0.0532319391634981,0.823529411764706,1286,REAC,REAC:R-RNO-71403,Mdh2,Sdhc,Fh,Ogdh,Suclg2,Dld,Idh3b,Sdhb,Sdha,Idh2,Fahd1,Sucla2,Sdhd,Aco2
BAT_1,Organelle biogenesis and maintenance,1.01564889761722e-05,0.000123207884127613,21,263,15,0.0570342205323194,0.714285714285714,1286,REAC,REAC:R-RNO-1852241,Atp5me,Atp5po,Atp5pd,Cycs,Sirt3,Idh2,Atp5pb,Atp5f1a,Sod2,Atp5mf,Atp5mg,Mt-atp6,Mt-atp8,Decr2,Glud1
BAT_1,Mitochondrial biogenesis,1.2263845259854e-05,0.000147021862585779,19,263,14,0.0532319391634981,0.736842105263158,1286,REAC,REAC:R-RNO-1592230,Atp5me,Atp5po,Atp5pd,Cycs,Sirt3,Idh2,Atp5pb,Atp5f1a,Sod2,Atp5mf,Atp5mg,Mt-atp6,Mt-atp8,Glud1
BAT_1,Formation of ATP by chemiosmotic coupling,0.000973196815784146,0.0101192607682045,12,263,9,0.0342205323193916,0.75,1286,REAC,REAC:R-RNO-163210,Atp5me,Atp5po,Atp5pd,Atp5pb,Atp5f1a,Atp5mf,Atp5mg,Mt-atp6,Mt-atp8
BAT_1,Cristae formation,0.000973196815784146,0.0101192607682045,12,263,9,0.0342205323193916,0.75,1286,REAC,REAC:R-RNO-8949613,Atp5me,Atp5po,Atp5pd,Atp5pb,Atp5f1a,Atp5mf,Atp5mg,Mt-atp6,Mt-atp8
BAT_1,Fatty acid metabolism,0.00109242665844006,0.0111520613956743,43,263,20,0.0760456273764259,0.465116279069767,1286,REAC,REAC:R-RNO-8978868,Acot11,Cpt1b,Acsl1,Hadh,Hadhb,Acad11,Acadl,Gpx4,Acsf3,Hsd17b4,Mcee,Phyh,Ndufab1,Echs1,Hadha,Eci2,Acad10,Dbi,Decr2,Mmut
BAT_1,Mitochondrial Fatty Acid Beta-Oxidation,0.00135499704965745,0.0136707128079301,20,263,12,0.0456273764258555,0.6,1286,REAC,REAC:R-RNO-77289,Acot11,Hadh,Hadhb,Acad11,Acadl,Mcee,Ndufab1,Echs1,Hadha,Acad10,Dbi,Mmut
BAT_1,TP53 Regulates Metabolic Genes,0.00349055147305117,0.032631852761827,19,263,11,0.0418250950570342,0.578947368421053,1286,REAC,REAC:R-RNO-5628897,Cox6a1,Ndufa4,Cycs,Cox5b,Cox4i1,Cox5a,Cox7c,Mt-co2,Mt-co3,Mt-co1,Cox7b
BAT_1,mitochondrial fatty acid beta-oxidation of saturated fatty acids,0.00349055147305117,0.032631852761827,5,263,5,0.0190114068441065,1,1286,REAC,REAC:R-RNO-77286,Hadh,Hadhb,Acadl,Echs1,Hadha
BAT_1,Beta oxidation of lauroyl-CoA to decanoyl-CoA-CoA,0.00349055147305117,0.032631852761827,5,263,5,0.0190114068441065,1,1286,REAC,REAC:R-RNO-77310,Hadh,Hadhb,Acadl,Echs1,Hadha
BAT_1,Branched-chain amino acid catabolism,0.00820266361317032,0.0702396153094165,15,263,9,0.0342205323193916,0.6,1286,REAC,REAC:R-RNO-70895,Dld,Acat1,Hibadh,Ivd,Bckdhb,Auh,Echs1,Bckdha,Hibch
SKMGN_3,Chemical carcinogenesis - reactive oxygen species,1.50128386029644e-07,2.21711341107546e-06,106,10,8,0.8,0.0754716981132075,1286,KEGG,KEGG:05208,Atp5mc1,Mt-nd5,Mt-nd1,Mt-co3,Mt-nd2,Mt-cyb,Mt-atp6,Mt-co1
SKMGN_3,Prion disease,1.50128386029644e-07,2.21711341107546e-06,103,10,8,0.8,0.0776699029126214,1286,KEGG,KEGG:05020,Atp5mc1,Mt-nd5,Mt-nd1,Mt-co3,Mt-nd2,Mt-cyb,Mt-atp6,Mt-co1
SKMGN_3,Huntington disease,1.50128386029644e-07,2.21711341107546e-06,106,10,8,0.8,0.0754716981132075,1286,KEGG,KEGG:05016,Atp5mc1,Mt-nd5,Mt-nd1,Mt-co3,Mt-nd2,Mt-cyb,Mt-atp6,Mt-co1
SKMGN_3,Amyotrophic lateral sclerosis,1.50128386029644e-07,2.21711341107546e-06,106,10,8,0.8,0.0754716981132075,1286,KEGG,KEGG:05014,Atp5mc1,Mt-nd5,Mt-nd1,Mt-co3,Mt-nd2,Mt-cyb,Mt-atp6,Mt-co1
SKMGN_3,Alzheimer disease,1.50128386029644e-07,2.21711341107546e-06,105,10,8,0.8,0.0761904761904762,1286,KEGG,KEGG:05010,Atp5mc1,Mt-nd5,Mt-nd1,Mt-co3,Mt-nd2,Mt-cyb,Mt-atp6,Mt-co1
SKMGN_3,Diabetic cardiomyopathy,1.50128386029644e-07,2.21711341107546e-06,107,10,8,0.8,0.0747663551401869,1286,KEGG,KEGG:05415,Atp5mc1,Mt-nd5,Mt-nd1,Mt-co3,Mt-nd2,Mt-cyb,Mt-atp6,Mt-co1
SKMGN_3,Oxidative phosphorylation,1.50128386029644e-07,2.21711341107546e-06,96,10,8,0.8,0.0833333333333333,1286,KEGG,KEGG:00190,Atp5mc1,Mt-nd5,Mt-nd1,Mt-co3,Mt-nd2,Mt-cyb,Mt-atp6,Mt-co1
SKMGN_3,Parkinson disease,2.04386786520146e-07,2.97528764948612e-06,113,10,8,0.8,0.0707964601769911,1286,KEGG,KEGG:05012,Atp5mc1,Mt-nd5,Mt-nd1,Mt-co3,Mt-nd2,Mt-cyb,Mt-atp6,Mt-co1
SKMGN_3,Pathways of neurodegeneration - multiple diseases,2.48339843485522e-07,3.5146986182187e-06,119,10,8,0.8,0.0672268907563025,1286,KEGG,KEGG:05022,Atp5mc1,Mt-nd5,Mt-nd1,Mt-co3,Mt-nd2,Mt-cyb,Mt-atp6,Mt-co1
SKMGN_3,Thermogenesis,2.48339843485522e-07,3.5146986182187e-06,118,10,8,0.8,0.0677966101694915,1286,KEGG,KEGG:04714,Atp5mc1,Mt-nd5,Mt-nd1,Mt-co3,Mt-nd2,Mt-cyb,Mt-atp6,Mt-co1
SKMGN_3,Cardiac muscle contraction,0.00109441230575803,0.0111520613956743,26,10,3,0.3,0.115384615384615,1286,KEGG,KEGG:04260,Mt-co3,Mt-cyb,Mt-co1
SKMGN_3,Retrograde endocannabinoid signaling,0.00529361761006757,0.0474613959751917,47,10,3,0.3,0.0638297872340425,1286,KEGG,KEGG:04723,Mt-nd5,Mt-nd1,Mt-nd2
SKMGN_3,Electron transport,ATP synthesis,heat production,3.41626720577448e-05,0.000400135204906229,103,10,7,0.7,0.0679611650485437,1286,REAC,REAC:R-RNO-163200,Mt-nd5,Mt-nd1,Mt-co3,Mt-nd2,Mt-cyb,Mt-atp6,Mt-co1
SKMGN_3,The citric acid (TCA) cycle and respiratory electron transport,8.50659252300423e-05,0.000952551404499045,131,10,7,0.7,0.0534351145038168,1286,REAC,REAC:R-RNO-1428517,Mt-nd5,Mt-nd1,Mt-co3,Mt-nd2,Mt-cyb,Mt-atp6,Mt-co1
SKMGN_3,Respiratory electron transport,8.50659252300423e-05,0.000952551404499045,86,10,6,0.6,0.0697674418604651,1286,REAC,REAC:R-RNO-611105,Mt-nd5,Mt-nd1,Mt-co3,Mt-nd2,Mt-cyb,Mt-co1
SKMVL_3,Oxidative phosphorylation,4.10170382710096e-33,1.39321206660529e-30,96,101,50,0.495049504950495,0.520833333333333,1286,KEGG,KEGG:00190,Atp5pf,Atp5mc3,Atp5po,Ndufb4,Atp5pd,Ndufa4,Ndufa5,Atp5mc1,Ndufa12,Sdhb,Ndufa6,Ndufb9,Cycs,Cox6c,Ndufs4,Ndufb5,Ndufc2,Ndufb8,Ndufb10,Atp5f1d,Atp5pb,Cox5b,Atp5f1a,Ndufs8,Ndufa2,Cox4i1,Ndufv1,Ndufab1,Cox5a,Atp5f1c,Ndufb6,Atp5mf,Mt-nd6,Mt-nd4,Mt-nd5,Mt-co2,Mt-nd1,Mt-co3,Mt-nd2,Mt-nd4l,Mt-cyb,Mt-atp6,Uqcrc1,Mt-atp8,Mt-nd3,Mt-co1,Uqcrc2,Uqcrq,Cox7b,Ndufa9
SKMVL_3,Diabetic cardiomyopathy,1.07990875709567e-31,2.20085404696098e-29,107,101,51,0.504950495049505,0.476635514018692,1286,KEGG,KEGG:05415,Atp5pf,Atp5mc3,Atp5po,Ndufb4,Mpc2,Atp5pd,Ndufa4,Ndufa5,Atp5mc1,Ndufa12,Pdhb,Sdhb,Ndufa6,Ndufb9,Cox6c,Ndufs4,Ndufb5,Ndufc2,Mpc1,Ndufb8,Ndufb10,Atp5f1d,Atp5pb,Cox5b,Atp5f1a,Ndufs8,Ndufa2,Cox4i1,Ndufv1,Ndufab1,Cox5a,Atp5f1c,Ndufb6,Mt-nd6,Mt-nd4,Mt-nd5,Mt-co2,Mt-nd1,Mt-co3,Mt-nd2,Mt-nd4l,Mt-cyb,Mt-atp6,Uqcrc1,Mt-atp8,Mt-nd3,Mt-co1,Uqcrc2,Uqcrq,Cox7b,Ndufa9
SKMVL_3,Huntington disease,5.96650763311625e-31,8.68553039735066e-29,106,101,50,0.495049504950495,0.471698113207547,1286,KEGG,KEGG:05016,Atp5pf,Atp5mc3,Atp5po,Ndufb4,Atp5pd,Ndufa4,Ndufa5,Atp5mc1,Ndufa12,Sdhb,Ndufa6,Ndufb9,Cycs,Cox6c,Ndufs4,Ndufb5,Ndufc2,Ndufb8,Ndufb10,Atp5f1d,Atp5pb,Cox5b,Atp5f1a,Ndufs8,Ndufa2,Cox4i1,Ndufv1,Ndufab1,Cox5a,Sod2,Atp5f1c,Ndufb6,Mt-nd6,Mt-nd4,Mt-nd5,Mt-co2,Mt-nd1,Mt-co3,Mt-nd2,Mt-nd4l,Mt-cyb,Mt-atp6,Uqcrc1,Mt-atp8,Mt-nd3,Mt-co1,Uqcrc2,Uqcrq,Cox7b,Ndufa9
SKMVL_3,Chemical carcinogenesis - reactive oxygen species,5.96650763311625e-31,8.68553039735066e-29,106,101,50,0.495049504950495,0.471698113207547,1286,KEGG,KEGG:05208,Atp5pf,Atp5mc3,Atp5po,Ndufb4,Atp5pd,Mgst3,Ndufa4,Ndufa5,Atp5mc1,Ndufa12,Sdhb,Ndufa6,Ndufb9,Cox6c,Ndufs4,Ndufb5,Ndufc2,Ndufb8,Ndufb10,Atp5f1d,Atp5pb,Cox5b,Atp5f1a,Ndufs8,Ndufa2,Cox4i1,Ndufv1,Ndufab1,Cox5a,Sod2,Atp5f1c,Ndufb6,Mt-nd6,Mt-nd4,Mt-nd5,Mt-co2,Mt-nd1,Mt-co3,Mt-nd2,Mt-nd4l,Mt-cyb,Mt-atp6,Uqcrc1,Mt-atp8,Mt-nd3,Mt-co1,Uqcrc2,Uqcrq,Cox7b,Ndufa9
SKMVL_3,Prion disease,1.57809746345775e-30,2.01010164407931e-28,103,101,49,0.485148514851485,0.475728155339806,1286,KEGG,KEGG:05020,Atp5pf,Atp5mc3,Atp5po,Ndufb4,Atp5pd,Ndufa4,Ndufa5,Atp5mc1,Ndufa12,Sdhb,Ndufa6,Ndufb9,Cycs,Cox6c,Ndufs4,Ndufb5,Ndufc2,Ndufb8,Ndufb10,Atp5f1d,Atp5pb,Cox5b,Atp5f1a,Ndufs8,Ndufa2,Cox4i1,Ndufv1,Ndufab1,Cox5a,Atp5f1c,Ndufb6,Mt-nd6,Mt-nd4,Mt-nd5,Mt-co2,Mt-nd1,Mt-co3,Mt-nd2,Mt-nd4l,Mt-cyb,Mt-atp6,Uqcrc1,Mt-atp8,Mt-nd3,Mt-co1,Uqcrc2,Uqcrq,Cox7b,Ndufa9
SKMVL_3,Alzheimer disease,4.27012617432617e-30,4.35125857163836e-28,105,101,49,0.485148514851485,0.466666666666667,1286,KEGG,KEGG:05010,Atp5pf,Atp5mc3,Atp5po,Ndufb4,Atp5pd,Ndufa4,Ndufa5,Atp5mc1,Ndufa12,Sdhb,Ndufa6,Ndufb9,Cycs,Cox6c,Ndufs4,Ndufb5,Ndufc2,Ndufb8,Ndufb10,Atp5f1d,Atp5pb,Cox5b,Atp5f1a,Ndufs8,Ndufa2,Cox4i1,Ndufv1,Ndufab1,Cox5a,Atp5f1c,Ndufb6,Mt-nd6,Mt-nd4,Mt-nd5,Mt-co2,Mt-nd1,Mt-co3,Mt-nd2,Mt-nd4l,Mt-cyb,Mt-atp6,Uqcrc1,Mt-atp8,Mt-nd3,Mt-co1,Uqcrc2,Uqcrq,Cox7b,Ndufa9
SKMVL_3,Amyotrophic lateral sclerosis,6.51342530642179e-30,6.03380035203983e-28,106,101,49,0.485148514851485,0.462264150943396,1286,KEGG,KEGG:05014,Atp5pf,Atp5mc3,Atp5po,Ndufb4,Atp5pd,Ndufa4,Ndufa5,Atp5mc1,Ndufa12,Sdhb,Ndufa6,Ndufb9,Cycs,Cox6c,Ndufs4,Ndufb5,Ndufc2,Ndufb8,Ndufb10,Atp5f1d,Atp5pb,Cox5b,Atp5f1a,Ndufs8,Ndufa2,Cox4i1,Ndufv1,Ndufab1,Cox5a,Atp5f1c,Ndufb6,Mt-nd6,Mt-nd4,Mt-nd5,Mt-co2,Mt-nd1,Mt-co3,Mt-nd2,Mt-nd4l,Mt-cyb,Mt-atp6,Uqcrc1,Mt-atp8,Mt-nd3,Mt-co1,Uqcrc2,Uqcrq,Cox7b,Ndufa9
SKMVL_3,Thermogenesis,2.07616762387947e-28,1.17534156040732e-26,118,101,50,0.495049504950495,0.423728813559322,1286,KEGG,KEGG:04714,Atp5pf,Atp5mc3,Atp5po,Ndufb4,Atp5pd,Ndufa4,Ndufa5,Atp5mc1,Ndufa12,Sdhb,Ndufa6,Ndufb9,Acsl1,Cox6c,Ndufs4,Ndufb5,Ndufc2,Ndufb8,Ndufb10,Atp5f1d,Atp5pb,Cox5b,Atp5f1a,Ndufs8,Ndufa2,Cox4i1,Ndufv1,Ndufab1,Cox5a,Atp5f1c,Ndufb6,Atp5mf,Mt-nd6,Mt-nd4,Mt-nd5,Mt-co2,Mt-nd1,Mt-co3,Mt-nd2,Mt-nd4l,Mt-cyb,Mt-atp6,Uqcrc1,Mt-atp8,Mt-nd3,Mt-co1,Uqcrc2,Uqcrq,Cox7b,Ndufa9
SKMVL_3,Parkinson disease,2.31199372885258e-28,1.23995874194778e-26,113,101,49,0.485148514851485,0.433628318584071,1286,KEGG,KEGG:05012,Atp5pf,Atp5mc3,Atp5po,Ndufb4,Atp5pd,Ndufa4,Ndufa5,Atp5mc1,Ndufa12,Sdhb,Ndufa6,Ndufb9,Cycs,Cox6c,Ndufs4,Ndufb5,Ndufc2,Ndufb8,Ndufb10,Atp5f1d,Atp5pb,Cox5b,Atp5f1a,Ndufs8,Ndufa2,Cox4i1,Ndufv1,Ndufab1,Cox5a,Atp5f1c,Ndufb6,Mt-nd6,Mt-nd4,Mt-nd5,Mt-co2,Mt-nd1,Mt-co3,Mt-nd2,Mt-nd4l,Mt-cyb,Mt-atp6,Uqcrc1,Mt-atp8,Mt-nd3,Mt-co1,Uqcrc2,Uqcrq,Cox7b,Ndufa9
SKMVL_3,Pathways of neurodegeneration - multiple diseases,4.21913024842803e-27,1.9542244196128e-25,119,101,49,0.485148514851485,0.411764705882353,1286,KEGG,KEGG:05022,Atp5pf,Atp5mc3,Atp5po,Ndufb4,Atp5pd,Ndufa4,Ndufa5,Atp5mc1,Ndufa12,Sdhb,Ndufa6,Ndufb9,Cycs,Cox6c,Ndufs4,Ndufb5,Ndufc2,Ndufb8,Ndufb10,Atp5f1d,Atp5pb,Cox5b,Atp5f1a,Ndufs8,Ndufa2,Cox4i1,Ndufv1,Ndufab1,Cox5a,Atp5f1c,Ndufb6,Mt-nd6,Mt-nd4,Mt-nd5,Mt-co2,Mt-nd1,Mt-co3,Mt-nd2,Mt-nd4l,Mt-cyb,Mt-atp6,Uqcrc1,Mt-atp8,Mt-nd3,Mt-co1,Uqcrc2,Uqcrq,Cox7b,Ndufa9
SKMVL_3,Non-alcoholic fatty liver disease,2.16583539397829e-16,4.90441392547527e-15,74,101,31,0.306930693069307,0.418918918918919,1286,KEGG,KEGG:04932,Ndufb4,Ndufa4,Ndufa5,Ndufa12,Sdhb,Ndufa6,Ndufb9,Cycs,Cox6c,Ndufs4,Ndufb5,Ndufc2,Ndufb8,Ndufb10,Cox5b,Ndufs8,Ndufa2,Cox4i1,Ndufv1,Ndufab1,Cox5a,Ndufb6,Mt-co2,Mt-co3,Mt-cyb,Uqcrc1,Mt-co1,Uqcrc2,Uqcrq,Cox7b,Ndufa9
SKMVL_3,Retrograde endocannabinoid signaling,5.12867913151539e-15,1.08877584062795e-13,47,101,24,0.237623762376238,0.51063829787234,1286,KEGG,KEGG:04723,Ndufb4,Ndufa4,Ndufa5,Ndufa12,Ndufa6,Ndufb9,Ndufs4,Ndufb5,Ndufc2,Ndufb8,Ndufb10,Ndufs8,Ndufa2,Ndufv1,Ndufab1,Ndufb6,Mt-nd6,Mt-nd4,Mt-nd5,Mt-nd1,Mt-nd2,Mt-nd4l,Mt-nd3,Ndufa9
SKMVL_3,Cardiac muscle contraction,6.92246057961376e-07,9.28156227714003e-06,26,101,12,0.118811881188119,0.461538461538462,1286,KEGG,KEGG:04260,Cox6c,Cox5b,Cox4i1,Cox5a,Mt-co2,Mt-co3,Mt-cyb,Uqcrc1,Mt-co1,Uqcrc2,Uqcrq,Cox7b
SKMVL_3,Citrate cycle (TCA cycle),0.0120304532283234,0.0980722547172925,25,101,7,0.0693069306930693,0.28,1286,KEGG,KEGG:00020,Dlst,Dld,Idh3b,Pdhb,Sdhb,Idh2,Cs
SKMVL_3,The citric acid (TCA) cycle and respiratory electron transport,3.67533743433768e-27,1.78341373599528e-25,131,101,52,0.514851485148515,0.396946564885496,1286,REAC,REAC:R-RNO-1428517,Atp5pf,Atp5po,Ndufb4,Atp5pd,Ndufa4,Ndufa5,Dld,Pdhx,Idh3b,Ndufa12,Pdhb,Sdhb,Ndufa6,Ndufb9,Cycs,Ndufs4,Ndufb5,Ndufc2,Idh2,Ndufb8,Ndufb10,Etfa,Atp5pb,Cox5b,Atp5f1a,Ndufs8,Ndufa2,Cox4i1,Etfb,Ndufv1,Ndufab1,Cox5a,Ndufb6,Nnt,Atp5mf,Mt-nd6,Mt-nd4,Mt-nd5,Mt-co2,Mt-nd1,Mt-co3,Mt-nd2,Mt-cyb,Mt-atp6,Uqcrc1,Mt-atp8,Mt-nd3,Mt-co1,Uqcrc2,Uqcrq,Cox7b,Ndufa9
SKMVL_3,Electron transport,ATP synthesis,heat production,3.68783163057275e-25,1.56579184648068e-23,103,101,45,0.445544554455446,0.436893203883495,1286,REAC,REAC:R-RNO-163200,Atp5pf,Atp5po,Ndufb4,Atp5pd,Ndufa4,Ndufa5,Ndufa12,Ndufa6,Ndufb9,Cycs,Ndufs4,Ndufb5,Ndufc2,Ndufb8,Ndufb10,Etfa,Atp5pb,Cox5b,Atp5f1a,Ndufs8,Ndufa2,Cox4i1,Etfb,Ndufv1,Ndufab1,Cox5a,Ndufb6,Atp5mf,Mt-nd6,Mt-nd4,Mt-nd5,Mt-co2,Mt-nd1,Mt-co3,Mt-nd2,Mt-cyb,Mt-atp6,Uqcrc1,Mt-atp8,Mt-nd3,Mt-co1,Uqcrc2,Uqcrq,Cox7b,Ndufa9
SKMVL_3,Respiratory electron transport,7.42056400262576e-20,1.86250643025546e-18,86,101,37,0.366336633663366,0.430232558139535,1286,REAC,REAC:R-RNO-611105,Ndufb4,Ndufa4,Ndufa5,Ndufa12,Ndufa6,Ndufb9,Cycs,Ndufs4,Ndufb5,Ndufc2,Ndufb8,Ndufb10,Etfa,Cox5b,Ndufs8,Ndufa2,Cox4i1,Etfb,Ndufv1,Ndufab1,Cox5a,Ndufb6,Mt-nd6,Mt-nd4,Mt-nd5,Mt-co2,Mt-nd1,Mt-co3,Mt-nd2,Mt-cyb,Uqcrc1,Mt-nd3,Mt-co1,Uqcrc2,Uqcrq,Cox7b,Ndufa9
SKMVL_3,Complex I biogenesis,1.44502623966947e-10,2.53876161762619e-09,55,101,22,0.217821782178218,0.4,1286,REAC,REAC:R-RNO-6799198,Ndufb4,Ndufa5,Ndufa12,Ndufa6,Ndufb9,Ndufs4,Ndufb5,Ndufc2,Ndufb8,Ndufb10,Ndufs8,Ndufa2,Ndufv1,Ndufab1,Ndufb6,Mt-nd6,Mt-nd4,Mt-nd5,Mt-nd1,Mt-nd2,Mt-nd3,Ndufa9
SKMVL_3,Mitochondrial biogenesis,2.67021225514137e-07,3.72732368217679e-06,19,101,11,0.108910891089109,0.578947368421053,1286,REAC,REAC:R-RNO-1592230,Atp5pf,Atp5po,Atp5pd,Cycs,Idh2,Atp5pb,Atp5f1a,Sod2,Atp5mf,Mt-atp6,Mt-atp8
SKMVL_3,Organelle biogenesis and maintenance,9.34097316552597e-07,1.23616255268454e-05,21,101,11,0.108910891089109,0.523809523809524,1286,REAC,REAC:R-RNO-1852241,Atp5pf,Atp5po,Atp5pd,Cycs,Idh2,Atp5pb,Atp5f1a,Sod2,Atp5mf,Mt-atp6,Mt-atp8
SKMVL_3,Cristae formation,4.07727105817253e-06,5.00570988949134e-05,12,101,8,0.0792079207920792,0.666666666666667,1286,REAC,REAC:R-RNO-8949613,Atp5pf,Atp5po,Atp5pd,Atp5pb,Atp5f1a,Atp5mf,Mt-atp6,Mt-atp8
SKMVL_3,Formation of ATP by chemiosmotic coupling,4.07727105817253e-06,5.00570988949134e-05,12,101,8,0.0792079207920792,0.666666666666667,1286,REAC,REAC:R-RNO-163210,Atp5pf,Atp5po,Atp5pd,Atp5pb,Atp5f1a,Atp5mf,Mt-atp6,Mt-atp8
SKMVL_3,TP53 Regulates Metabolic Genes,3.33080861651594e-05,0.000394662090724388,19,101,9,0.0891089108910891,0.473684210526316,1286,REAC,REAC:R-RNO-5628897,Ndufa4,Cycs,Cox5b,Cox4i1,Cox5a,Mt-co2,Mt-co3,Mt-co1,Cox7b
SKMVL_3,Transcriptional Regulation by TP53,0.000187814044142933,0.00205787646216826,23,101,9,0.0891089108910891,0.391304347826087,1286,REAC,REAC:R-RNO-3700989,Ndufa4,Cycs,Cox5b,Cox4i1,Cox5a,Mt-co2,Mt-co3,Mt-co1,Cox7b
SKMVL_3,Generic Transcription Pathway,0.00532946369988498,0.0474613959751917,34,101,9,0.0891089108910891,0.264705882352941,1286,REAC,REAC:R-RNO-212436,Ndufa4,Cycs,Cox5b,Cox4i1,Cox5a,Mt-co2,Mt-co3,Mt-co1,Cox7b
SKMVL_3,RNA Polymerase II Transcription,0.00623113028304983,0.0538095064273541,35,101,9,0.0891089108910891,0.257142857142857,1286,REAC,REAC:R-RNO-73857,Ndufa4,Cycs,Cox5b,Cox4i1,Cox5a,Mt-co2,Mt-co3,Mt-co1,Cox7b
SKMVL_3,Gene expression (Transcription),0.0109885751332055,0.091035431388101,38,101,9,0.0891089108910891,0.236842105263158,1286,REAC,REAC:R-RNO-74160,Ndufa4,Cycs,Cox5b,Cox4i1,Cox5a,Mt-co2,Mt-co3,Mt-co1,Cox7b
